date,actual_deaths,total_deaths,predicted_deaths_mean,predicted_deaths_lower,predicted_deaths_upper,predicted_total_deaths_mean,predicted_total_deaths_lower,predicted_total_deaths_upper,country,region
2020-02-13,,,,,,,,,Belgium,ALL
2020-02-14,,,,,,,,,Belgium,ALL
2020-02-15,,,,,,,,,Belgium,ALL
2020-02-16,,,,,,,,,Belgium,ALL
2020-02-17,,,,,,,,,Belgium,ALL
2020-02-18,,,,,,,,,Belgium,ALL
2020-02-19,,,,,,,,,Belgium,ALL
2020-02-20,,,,,,,,,Belgium,ALL
2020-02-21,,,,,,,,,Belgium,ALL
2020-02-22,,,,,,,,,Belgium,ALL
2020-02-23,,,,,,,,,Belgium,ALL
2020-02-24,,,,,,,,,Belgium,ALL
2020-02-25,,,,,,,,,Belgium,ALL
2020-02-26,,,,,,,,,Belgium,ALL
2020-02-27,,,,,,,,,Belgium,ALL
2020-02-28,,,,,,,,,Belgium,ALL
2020-02-29,,,,,,,,,Belgium,ALL
2020-03-01,,,,,,,,,Belgium,ALL
2020-03-02,,,,,,,,,Belgium,ALL
2020-03-03,,,,,,,,,Belgium,ALL
2020-03-04,,,,,,,,,Belgium,ALL
2020-03-05,,,,,,,,,Belgium,ALL
2020-03-06,,,,,,,,,Belgium,ALL
2020-03-07,,,,,,,,,Belgium,ALL
2020-03-08,,,,,,,,,Belgium,ALL
2020-03-09,,,,,,,,,Belgium,ALL
2020-03-10,,,,,,,,,Belgium,ALL
2020-03-11,3,3,,,,,,,Belgium,ALL
2020-03-12,0,3,,,,,,,Belgium,ALL
2020-03-13,0,3,,,,,,,Belgium,ALL
2020-03-14,1,4,,,,,,,Belgium,ALL
2020-03-15,0,4,,,,,,,Belgium,ALL
2020-03-16,1,5,,,,,,,Belgium,ALL
2020-03-17,5,10,,,,,,,Belgium,ALL
2020-03-18,4,14,,,,,,,Belgium,ALL
2020-03-19,7,21,,,,,,,Belgium,ALL
2020-03-20,16,37,,,,,,,Belgium,ALL
2020-03-21,30,67,,,,,,,Belgium,ALL
2020-03-22,8,75,,,,,,,Belgium,ALL
2020-03-23,13,88,,,,,,,Belgium,ALL
2020-03-24,34,122,,,,,,,Belgium,ALL
2020-03-25,56,178,,,,,,,Belgium,ALL
2020-03-26,42,220,,,,,,,Belgium,ALL
2020-03-27,69,289,,,,,,,Belgium,ALL
2020-03-28,64,353,,,,,,,Belgium,ALL
2020-03-29,78,431,,,,,,,Belgium,ALL
2020-03-30,82,513,,,,,,,Belgium,ALL
2020-03-31,192,705,,,,,,,Belgium,ALL
2020-04-01,123,828,,,,,,,Belgium,ALL
2020-04-02,183,1011,,,,,,,Belgium,ALL
2020-04-03,132,1143,,,,,,,Belgium,ALL
2020-04-04,140,1283,,,,,,,Belgium,ALL
2020-04-05,,,190,165,219,1473,1448,1502,Belgium,ALL
2020-04-06,,,201,173,241,1674,1622,1744,Belgium,ALL
2020-04-07,,,208,177,261,1883,1798,2005,Belgium,ALL
2020-04-08,,,212,172,279,2094,1970,2284,Belgium,ALL
2020-04-09,,,211,159,293,2305,2129,2576,Belgium,ALL
2020-04-10,,,206,145,301,2511,2274,2877,Belgium,ALL
2020-04-11,,,199,126,309,2710,2400,3187,Belgium,ALL
2020-04-12,,,190,109,312,2900,2509,3498,Belgium,ALL
2020-04-13,,,178,93,308,3078,2602,3806,Belgium,ALL
2020-04-14,,,167,79,301,3245,2681,4107,Belgium,ALL
2020-04-15,,,155,67,294,3400,2748,4401,Belgium,ALL
2020-04-16,,,142,56,287,3542,2803,4688,Belgium,ALL
2020-04-17,,,131,47,279,3673,2850,4967,Belgium,ALL
2020-04-18,,,119,39,268,3792,2889,5234,Belgium,ALL
2020-04-19,,,109,32,255,3901,2921,5489,Belgium,ALL
2020-04-20,,,99,26,241,4000,2947,5730,Belgium,ALL
2020-04-21,,,90,21,226,4090,2968,5956,Belgium,ALL
2020-04-22,,,82,18,211,4172,2986,6167,Belgium,ALL
2020-04-23,,,74,15,197,4246,3001,6365,Belgium,ALL
2020-04-24,,,68,12,183,4314,3013,6548,Belgium,ALL
2020-04-25,,,62,10,170,4376,3024,6717,Belgium,ALL
2020-04-26,,,56,8,157,4432,3032,6874,Belgium,ALL
2020-04-27,,,51,7,145,4483,3040,7019,Belgium,ALL
2020-04-28,,,47,6,135,4530,3046,7154,Belgium,ALL
2020-04-29,,,43,6,127,4572,3052,7281,Belgium,ALL
2020-04-30,,,39,5,118,4611,3056,7399,Belgium,ALL
2020-05-01,,,36,4,111,4647,3060,7510,Belgium,ALL
2020-05-02,,,33,4,104,4680,3064,7614,Belgium,ALL
2020-05-03,,,30,3,97,4710,3067,7711,Belgium,ALL
2020-05-04,,,28,3,91,4738,3070,7802,Belgium,ALL
2020-05-05,,,26,3,85,4764,3073,7887,Belgium,ALL
2020-05-06,,,24,3,80,4788,3076,7967,Belgium,ALL
2020-05-07,,,22,3,75,4810,3079,8041,Belgium,ALL
2020-05-08,,,20,2,70,4830,3081,8111,Belgium,ALL
2020-05-09,,,19,2,65,4849,3083,8176,Belgium,ALL
2020-05-10,,,18,2,62,4867,3085,8238,Belgium,ALL
2020-05-11,,,16,2,58,4884,3087,8296,Belgium,ALL
2020-05-12,,,15,2,54,4899,3089,8350,Belgium,ALL
2020-05-13,,,14,2,50,4913,3091,8400,Belgium,ALL
2020-05-14,,,13,2,48,4927,3093,8448,Belgium,ALL
2020-05-15,,,13,2,45,4939,3095,8493,Belgium,ALL
2020-05-16,,,12,2,42,4951,3097,8534,Belgium,ALL
2020-05-17,,,11,2,39,4962,3099,8574,Belgium,ALL
2020-05-18,,,10,2,37,4973,3101,8611,Belgium,ALL
2020-05-19,,,10,2,35,4983,3103,8646,Belgium,ALL
2020-05-20,,,9,2,33,4992,3105,8679,Belgium,ALL
2020-05-21,,,9,2,31,5001,3107,8710,Belgium,ALL
2020-05-22,,,8,2,29,5009,3109,8738,Belgium,ALL
2020-05-23,,,8,1,27,5017,3110,8766,Belgium,ALL
2020-05-24,,,7,1,25,5024,3111,8791,Belgium,ALL
2020-05-25,,,7,1,24,5031,3112,8815,Belgium,ALL
2020-05-26,,,7,1,22,5038,3113,8838,Belgium,ALL
2020-05-27,,,6,1,21,5045,3114,8859,Belgium,ALL
2020-05-28,,,6,1,20,5051,3115,8879,Belgium,ALL
2020-05-29,,,6,1,19,5056,3116,8898,Belgium,ALL
2020-05-30,,,5,1,18,5062,3117,8916,Belgium,ALL
2020-05-31,,,5,1,17,5067,3118,8933,Belgium,ALL
2020-06-01,,,5,1,16,5072,3119,8949,Belgium,ALL
2020-06-02,,,5,1,15,5077,3120,8963,Belgium,ALL
2020-06-03,,,5,1,15,5081,3121,8978,Belgium,ALL
2020-06-04,,,4,1,14,5086,3122,8991,Belgium,ALL
2020-06-05,,,4,1,13,5090,3123,9004,Belgium,ALL
2020-06-06,,,4,1,13,5094,3124,9017,Belgium,ALL
2020-06-07,,,4,1,12,5098,3125,9028,Belgium,ALL
2020-06-08,,,4,1,11,5101,3126,9039,Belgium,ALL
2020-06-09,,,4,1,11,5105,3127,9049,Belgium,ALL
2020-06-10,,,3,1,10,5108,3128,9059,Belgium,ALL
2020-06-11,,,3,1,9,5112,3129,9068,Belgium,ALL
2020-06-12,,,3,1,9,5115,3130,9077,Belgium,ALL
2020-06-13,,,3,1,8,5118,3131,9086,Belgium,ALL
2020-06-14,,,3,1,8,5121,3132,9094,Belgium,ALL
2020-06-15,,,3,1,8,5124,3133,9102,Belgium,ALL
2020-06-16,,,3,1,7,5126,3134,9109,Belgium,ALL
2020-06-17,,,3,1,7,5129,3135,9116,Belgium,ALL
2020-06-18,,,2,1,7,5131,3136,9123,Belgium,ALL
2020-06-19,,,2,1,7,5134,3137,9130,Belgium,ALL
2020-06-20,,,2,1,6,5136,3138,9136,Belgium,ALL
2020-06-21,,,2,1,6,5138,3139,9142,Belgium,ALL
2020-06-22,,,2,1,6,5140,3140,9148,Belgium,ALL
2020-06-23,,,2,1,6,5142,3141,9154,Belgium,ALL
2020-06-24,,,2,0,5,5144,3141,9160,Belgium,ALL
2020-06-25,,,2,0,5,5146,3141,9165,Belgium,ALL
2020-06-26,,,2,0,5,5148,3141,9170,Belgium,ALL
2020-06-27,,,2,0,5,5150,3141,9175,Belgium,ALL
2020-06-28,,,2,0,5,5151,3141,9180,Belgium,ALL
2020-06-29,,,2,0,5,5153,3141,9185,Belgium,ALL
2020-06-30,,,1,0,4,5154,3141,9189,Belgium,ALL
2020-01-21,,,,,,,,,France,ALL
2020-01-22,,,,,,,,,France,ALL
2020-01-23,,,,,,,,,France,ALL
2020-01-24,,,,,,,,,France,ALL
2020-01-25,,,,,,,,,France,ALL
2020-01-26,,,,,,,,,France,ALL
2020-01-27,,,,,,,,,France,ALL
2020-01-28,,,,,,,,,France,ALL
2020-01-29,,,,,,,,,France,ALL
2020-01-30,,,,,,,,,France,ALL
2020-01-31,,,,,,,,,France,ALL
2020-02-01,,,,,,,,,France,ALL
2020-02-02,,,,,,,,,France,ALL
2020-02-03,,,,,,,,,France,ALL
2020-02-04,,,,,,,,,France,ALL
2020-02-05,,,,,,,,,France,ALL
2020-02-06,,,,,,,,,France,ALL
2020-02-07,,,,,,,,,France,ALL
2020-02-08,,,,,,,,,France,ALL
2020-02-09,,,,,,,,,France,ALL
2020-02-10,,,,,,,,,France,ALL
2020-02-11,,,,,,,,,France,ALL
2020-02-12,,,,,,,,,France,ALL
2020-02-13,,,,,,,,,France,ALL
2020-02-14,,,,,,,,,France,ALL
2020-02-15,1,1,,,,,,,France,ALL
2020-02-16,0,1,,,,,,,France,ALL
2020-02-17,0,1,,,,,,,France,ALL
2020-02-18,0,1,,,,,,,France,ALL
2020-02-19,0,1,,,,,,,France,ALL
2020-02-20,0,1,,,,,,,France,ALL
2020-02-21,0,1,,,,,,,France,ALL
2020-02-22,0,1,,,,,,,France,ALL
2020-02-23,0,1,,,,,,,France,ALL
2020-02-24,0,1,,,,,,,France,ALL
2020-02-25,0,1,,,,,,,France,ALL
2020-02-26,1,2,,,,,,,France,ALL
2020-02-27,0,2,,,,,,,France,ALL
2020-02-28,0,2,,,,,,,France,ALL
2020-02-29,0,2,,,,,,,France,ALL
2020-03-01,0,2,,,,,,,France,ALL
2020-03-02,1,3,,,,,,,France,ALL
2020-03-03,1,4,,,,,,,France,ALL
2020-03-04,0,4,,,,,,,France,ALL
2020-03-05,2,6,,,,,,,France,ALL
2020-03-06,3,9,,,,,,,France,ALL
2020-03-07,2,11,,,,,,,France,ALL
2020-03-08,8,19,,,,,,,France,ALL
2020-03-09,0,19,,,,,,,France,ALL
2020-03-10,14,33,,,,,,,France,ALL
2020-03-11,15,48,,,,,,,France,ALL
2020-03-12,0,48,,,,,,,France,ALL
2020-03-13,31,79,,,,,,,France,ALL
2020-03-14,12,91,,,,,,,France,ALL
2020-03-15,0,91,,,,,,,France,ALL
2020-03-16,58,149,,,,,,,France,ALL
2020-03-17,0,149,,,,,,,France,ALL
2020-03-18,0,149,,,,,,,France,ALL
2020-03-19,95,244,,,,,,,France,ALL
2020-03-20,207,451,,,,,,,France,ALL
2020-03-21,112,563,,,,,,,France,ALL
2020-03-22,113,676,,,,,,,France,ALL
2020-03-23,186,862,,,,,,,France,ALL
2020-03-24,240,1102,,,,,,,France,ALL
2020-03-25,231,1333,,,,,,,France,ALL
2020-03-26,365,1698,,,,,,,France,ALL
2020-03-27,299,1997,,,,,,,France,ALL
2020-03-28,320,2317,,,,,,,France,ALL
2020-03-29,294,2611,,,,,,,France,ALL
2020-03-30,419,3030,,,,,,,France,ALL
2020-03-31,502,3532,,,,,,,France,ALL
2020-04-01,511,4043,,,,,,,France,ALL
2020-04-02,1355,5398,,,,,,,France,ALL
2020-04-03,1122,6520,,,,,,,France,ALL
2020-04-04,1054,7574,,,,,,,France,ALL
2020-04-05,,,1288,986,1640,8862,8560,9214,France,ALL
2020-04-06,,,1320,1049,1725,10182,9610,10940,France,ALL
2020-04-07,,,1335,1038,1794,11517,10648,12733,France,ALL
2020-04-08,,,1334,1001,1838,12852,11648,14572,France,ALL
2020-04-09,,,1320,876,1863,14171,12524,16434,France,ALL
2020-04-10,,,1293,750,1892,15464,13274,18327,France,ALL
2020-04-11,,,1258,633,1904,16722,13907,20230,France,ALL
2020-04-12,,,1215,539,1901,17937,14446,22132,France,ALL
2020-04-13,,,1168,467,1896,19105,14913,24028,France,ALL
2020-04-14,,,1117,405,1844,20222,15318,25872,France,ALL
2020-04-15,,,1064,350,1813,21287,15668,27685,France,ALL
2020-04-16,,,1011,292,1755,22297,15960,29440,France,ALL
2020-04-17,,,956,238,1704,23253,16198,31145,France,ALL
2020-04-18,,,902,194,1638,24156,16392,32783,France,ALL
2020-04-19,,,849,160,1563,25005,16552,34347,France,ALL
2020-04-20,,,797,129,1493,25802,16681,35840,France,ALL
2020-04-21,,,747,103,1436,26549,16784,37275,France,ALL
2020-04-22,,,698,82,1389,27247,16866,38664,France,ALL
2020-04-23,,,651,65,1323,27897,16931,39987,France,ALL
2020-04-24,,,606,52,1256,28503,16983,41243,France,ALL
2020-04-25,,,563,42,1188,29066,17024,42431,France,ALL
2020-04-26,,,522,33,1129,29589,17057,43560,France,ALL
2020-04-27,,,484,26,1069,30073,17083,44629,France,ALL
2020-04-28,,,448,21,1011,30521,17104,45640,France,ALL
2020-04-29,,,414,17,962,30935,17121,46601,France,ALL
2020-04-30,,,382,13,916,31317,17134,47517,France,ALL
2020-05-01,,,353,11,871,31670,17144,48388,France,ALL
2020-05-02,,,325,9,826,31995,17153,49214,France,ALL
2020-05-03,,,300,7,782,32295,17160,49996,France,ALL
2020-05-04,,,276,5,734,32571,17165,50730,France,ALL
2020-05-05,,,254,4,689,32825,17169,51419,France,ALL
2020-05-06,,,234,4,646,33059,17173,52064,France,ALL
2020-05-07,,,215,3,604,33274,17176,52668,France,ALL
2020-05-08,,,198,2,561,33472,17178,53230,France,ALL
2020-05-09,,,182,2,529,33654,17180,53759,France,ALL
2020-05-10,,,168,1,498,33822,17181,54256,France,ALL
2020-05-11,,,154,1,467,33976,17182,54723,France,ALL
2020-05-12,,,142,1,439,34118,17183,55162,France,ALL
2020-05-13,,,131,1,413,34248,17184,55575,France,ALL
2020-05-14,,,120,1,387,34369,17185,55962,France,ALL
2020-05-15,,,111,1,362,34479,17186,56324,France,ALL
2020-05-16,,,102,0,340,34581,17186,56664,France,ALL
2020-05-17,,,94,0,318,34675,17186,56982,France,ALL
2020-05-18,,,87,0,298,34762,17186,57280,France,ALL
2020-05-19,,,80,0,279,34841,17186,57559,France,ALL
2020-05-20,,,74,0,261,34915,17186,57820,France,ALL
2020-05-21,,,68,0,244,34983,17186,58064,France,ALL
2020-05-22,,,63,0,228,35046,17186,58292,France,ALL
2020-05-23,,,58,0,213,35103,17186,58505,France,ALL
2020-05-24,,,53,0,199,35157,17186,58705,France,ALL
2020-05-25,,,49,0,186,35206,17186,58891,France,ALL
2020-05-26,,,46,0,174,35252,17186,59065,France,ALL
2020-05-27,,,42,0,162,35294,17186,59228,France,ALL
2020-05-28,,,39,0,151,35333,17186,59379,France,ALL
2020-05-29,,,36,0,141,35369,17186,59520,France,ALL
2020-05-30,,,33,0,132,35402,17186,59653,France,ALL
2020-05-31,,,31,0,123,35433,17186,59776,France,ALL
2020-06-01,,,29,0,115,35461,17186,59891,France,ALL
2020-06-02,,,26,0,107,35488,17186,59999,France,ALL
2020-06-03,,,24,0,100,35512,17186,60099,France,ALL
2020-06-04,,,23,0,94,35535,17186,60193,France,ALL
2020-06-05,,,21,0,87,35556,17186,60280,France,ALL
2020-06-06,,,19,0,82,35575,17186,60362,France,ALL
2020-06-07,,,18,0,76,35593,17186,60438,France,ALL
2020-06-08,,,17,0,71,35610,17186,60509,France,ALL
2020-06-09,,,16,0,66,35626,17186,60576,France,ALL
2020-06-10,,,14,0,62,35640,17186,60638,France,ALL
2020-06-11,,,13,0,58,35654,17186,60696,France,ALL
2020-06-12,,,13,0,54,35666,17186,60750,France,ALL
2020-06-13,,,12,0,51,35678,17186,60801,France,ALL
2020-06-14,,,11,0,48,35689,17186,60849,France,ALL
2020-06-15,,,10,0,44,35699,17186,60893,France,ALL
2020-06-16,,,9,0,42,35708,17186,60935,France,ALL
2020-06-17,,,9,0,39,35716,17186,60974,France,ALL
2020-06-18,,,8,0,36,35725,17186,61010,France,ALL
2020-06-19,,,7,0,34,35732,17186,61044,France,ALL
2020-06-20,,,7,0,32,35739,17186,61076,France,ALL
2020-06-21,,,6,0,30,35745,17186,61106,France,ALL
2020-06-22,,,6,0,28,35751,17186,61134,France,ALL
2020-06-23,,,6,0,26,35757,17186,61161,France,ALL
2020-06-24,,,5,0,24,35762,17186,61185,France,ALL
2020-06-25,,,5,0,23,35767,17186,61208,France,ALL
2020-06-26,,,5,0,21,35772,17186,61229,France,ALL
2020-06-27,,,4,0,20,35776,17186,61250,France,ALL
2020-06-28,,,4,0,19,35780,17186,61269,France,ALL
2020-06-29,,,4,0,18,35784,17186,61287,France,ALL
2020-06-30,,,3,0,17,35787,17186,61304,France,ALL
2020-02-12,,,,,,,,,Germany,ALL
2020-02-13,,,,,,,,,Germany,ALL
2020-02-14,,,,,,,,,Germany,ALL
2020-02-15,,,,,,,,,Germany,ALL
2020-02-16,,,,,,,,,Germany,ALL
2020-02-17,,,,,,,,,Germany,ALL
2020-02-18,,,,,,,,,Germany,ALL
2020-02-19,,,,,,,,,Germany,ALL
2020-02-20,,,,,,,,,Germany,ALL
2020-02-21,,,,,,,,,Germany,ALL
2020-02-22,,,,,,,,,Germany,ALL
2020-02-23,,,,,,,,,Germany,ALL
2020-02-24,,,,,,,,,Germany,ALL
2020-02-25,,,,,,,,,Germany,ALL
2020-02-26,,,,,,,,,Germany,ALL
2020-02-27,,,,,,,,,Germany,ALL
2020-02-28,,,,,,,,,Germany,ALL
2020-02-29,,,,,,,,,Germany,ALL
2020-03-01,,,,,,,,,Germany,ALL
2020-03-02,,,,,,,,,Germany,ALL
2020-03-03,,,,,,,,,Germany,ALL
2020-03-04,,,,,,,,,Germany,ALL
2020-03-05,,,,,,,,,Germany,ALL
2020-03-06,,,,,,,,,Germany,ALL
2020-03-07,,,,,,,,,Germany,ALL
2020-03-08,,,,,,,,,Germany,ALL
2020-03-09,2,2,,,,,,,Germany,ALL
2020-03-10,0,2,,,,,,,Germany,ALL
2020-03-11,1,3,,,,,,,Germany,ALL
2020-03-12,0,3,,,,,,,Germany,ALL
2020-03-13,4,7,,,,,,,Germany,ALL
2020-03-14,2,9,,,,,,,Germany,ALL
2020-03-15,2,11,,,,,,,Germany,ALL
2020-03-16,6,17,,,,,,,Germany,ALL
2020-03-17,7,24,,,,,,,Germany,ALL
2020-03-18,4,28,,,,,,,Germany,ALL
2020-03-19,16,44,,,,,,,Germany,ALL
2020-03-20,23,67,,,,,,,Germany,ALL
2020-03-21,17,84,,,,,,,Germany,ALL
2020-03-22,10,94,,,,,,,Germany,ALL
2020-03-23,29,123,,,,,,,Germany,ALL
2020-03-24,34,157,,,,,,,Germany,ALL
2020-03-25,49,206,,,,,,,Germany,ALL
2020-03-26,61,267,,,,,,,Germany,ALL
2020-03-27,75,342,,,,,,,Germany,ALL
2020-03-28,91,433,,,,,,,Germany,ALL
2020-03-29,100,533,,,,,,,Germany,ALL
2020-03-30,112,645,,,,,,,Germany,ALL
2020-03-31,130,775,,,,,,,Germany,ALL
2020-04-01,145,920,,,,,,,Germany,ALL
2020-04-02,187,1107,,,,,,,Germany,ALL
2020-04-03,168,1275,,,,,,,Germany,ALL
2020-04-04,169,1444,,,,,,,Germany,ALL
2020-04-05,,,202,170,238,1646,1614,1682,Germany,ALL
2020-04-06,,,211,168,260,1858,1782,1942,Germany,ALL
2020-04-07,,,216,160,275,2074,1943,2216,Germany,ALL
2020-04-08,,,217,148,291,2291,2091,2507,Germany,ALL
2020-04-09,,,215,135,300,2506,2226,2807,Germany,ALL
2020-04-10,,,210,119,310,2716,2345,3117,Germany,ALL
2020-04-11,,,202,103,320,2919,2448,3438,Germany,ALL
2020-04-12,,,193,88,327,3111,2536,3765,Germany,ALL
2020-04-13,,,182,73,335,3294,2609,4100,Germany,ALL
2020-04-14,,,171,59,346,3465,2669,4447,Germany,ALL
2020-04-15,,,160,49,349,3625,2717,4795,Germany,ALL
2020-04-16,,,149,40,352,3774,2757,5147,Germany,ALL
2020-04-17,,,138,32,353,3912,2789,5500,Germany,ALL
2020-04-18,,,128,26,353,4040,2816,5853,Germany,ALL
2020-04-19,,,118,21,353,4158,2837,6206,Germany,ALL
2020-04-20,,,109,17,345,4267,2855,6551,Germany,ALL
2020-04-21,,,101,14,333,4368,2869,6884,Germany,ALL
2020-04-22,,,93,12,320,4461,2881,7204,Germany,ALL
2020-04-23,,,85,10,306,4546,2892,7510,Germany,ALL
2020-04-24,,,79,9,297,4625,2901,7807,Germany,ALL
2020-04-25,,,73,8,288,4698,2909,8094,Germany,ALL
2020-04-26,,,67,7,277,4765,2916,8371,Germany,ALL
2020-04-27,,,62,6,267,4827,2922,8639,Germany,ALL
2020-04-28,,,57,5,257,4884,2927,8895,Germany,ALL
2020-04-29,,,53,4,246,4937,2931,9142,Germany,ALL
2020-04-30,,,49,4,236,4986,2935,9377,Germany,ALL
2020-05-01,,,45,3,225,5031,2938,9603,Germany,ALL
2020-05-02,,,42,3,215,5073,2941,9817,Germany,ALL
2020-05-03,,,39,3,204,5112,2944,10021,Germany,ALL
2020-05-04,,,36,3,193,5148,2947,10214,Germany,ALL
2020-05-05,,,33,2,180,5181,2949,10394,Germany,ALL
2020-05-06,,,31,2,168,5213,2951,10562,Germany,ALL
2020-05-07,,,29,2,157,5241,2953,10719,Germany,ALL
2020-05-08,,,27,2,146,5268,2955,10865,Germany,ALL
2020-05-09,,,25,2,135,5293,2957,11000,Germany,ALL
2020-05-10,,,23,2,126,5317,2959,11126,Germany,ALL
2020-05-11,,,22,2,117,5339,2961,11242,Germany,ALL
2020-05-12,,,20,2,107,5359,2963,11350,Germany,ALL
2020-05-13,,,19,2,100,5378,2965,11450,Germany,ALL
2020-05-14,,,18,2,93,5396,2967,11542,Germany,ALL
2020-05-15,,,17,1,85,5412,2969,11628,Germany,ALL
2020-05-16,,,16,1,79,5428,2970,11707,Germany,ALL
2020-05-17,,,15,1,73,5443,2971,11780,Germany,ALL
2020-05-18,,,14,1,67,5456,2972,11847,Germany,ALL
2020-05-19,,,13,1,62,5469,2973,11909,Germany,ALL
2020-05-20,,,12,1,57,5481,2975,11966,Germany,ALL
2020-05-21,,,11,1,53,5493,2976,12018,Germany,ALL
2020-05-22,,,11,1,49,5504,2977,12067,Germany,ALL
2020-05-23,,,10,1,45,5514,2978,12112,Germany,ALL
2020-05-24,,,10,1,42,5523,2979,12154,Germany,ALL
2020-05-25,,,9,1,39,5533,2980,12193,Germany,ALL
2020-05-26,,,9,1,37,5541,2981,12229,Germany,ALL
2020-05-27,,,8,1,34,5549,2982,12264,Germany,ALL
2020-05-28,,,8,1,32,5557,2983,12296,Germany,ALL
2020-05-29,,,7,1,30,5564,2984,12326,Germany,ALL
2020-05-30,,,7,1,28,5571,2985,12354,Germany,ALL
2020-05-31,,,7,1,26,5577,2986,12381,Germany,ALL
2020-06-01,,,6,1,24,5584,2987,12405,Germany,ALL
2020-06-02,,,6,1,23,5590,2988,12428,Germany,ALL
2020-06-03,,,6,1,22,5595,2989,12450,Germany,ALL
2020-06-04,,,5,1,21,5601,2990,12470,Germany,ALL
2020-06-05,,,5,1,20,5606,2991,12490,Germany,ALL
2020-06-06,,,5,1,19,5611,2992,12508,Germany,ALL
2020-06-07,,,5,1,18,5615,2993,12526,Germany,ALL
2020-06-08,,,4,1,17,5620,2994,12543,Germany,ALL
2020-06-09,,,4,1,16,5624,2995,12558,Germany,ALL
2020-06-10,,,4,1,15,5628,2996,12573,Germany,ALL
2020-06-11,,,4,1,14,5632,2997,12587,Germany,ALL
2020-06-12,,,4,1,13,5636,2998,12600,Germany,ALL
2020-06-13,,,4,1,12,5639,2999,12612,Germany,ALL
2020-06-14,,,3,1,12,5643,3000,12624,Germany,ALL
2020-06-15,,,3,1,11,5646,3001,12635,Germany,ALL
2020-06-16,,,3,1,11,5649,3002,12646,Germany,ALL
2020-06-17,,,3,0,10,5652,3002,12656,Germany,ALL
2020-06-18,,,3,0,10,5655,3002,12666,Germany,ALL
2020-06-19,,,3,0,9,5658,3003,12675,Germany,ALL
2020-06-20,,,3,0,9,5661,3003,12684,Germany,ALL
2020-06-21,,,3,0,9,5663,3003,12692,Germany,ALL
2020-06-22,,,2,0,8,5666,3003,12700,Germany,ALL
2020-06-23,,,2,0,8,5668,3003,12708,Germany,ALL
2020-06-24,,,2,0,7,5670,3003,12715,Germany,ALL
2020-06-25,,,2,0,7,5672,3003,12722,Germany,ALL
2020-06-26,,,2,0,7,5674,3003,12729,Germany,ALL
2020-06-27,,,2,0,7,5676,3003,12735,Germany,ALL
2020-06-28,,,2,0,6,5678,3003,12741,Germany,ALL
2020-06-29,,,2,0,6,5680,3003,12747,Germany,ALL
2020-06-30,,,2,0,6,5682,3003,12753,Germany,ALL
2020-01-24,,,,,,,,,Iran,ALL
2020-01-25,,,,,,,,,Iran,ALL
2020-01-26,,,,,,,,,Iran,ALL
2020-01-27,,,,,,,,,Iran,ALL
2020-01-28,,,,,,,,,Iran,ALL
2020-01-29,,,,,,,,,Iran,ALL
2020-01-30,,,,,,,,,Iran,ALL
2020-01-31,,,,,,,,,Iran,ALL
2020-02-01,,,,,,,,,Iran,ALL
2020-02-02,,,,,,,,,Iran,ALL
2020-02-03,,,,,,,,,Iran,ALL
2020-02-04,,,,,,,,,Iran,ALL
2020-02-05,,,,,,,,,Iran,ALL
2020-02-06,,,,,,,,,Iran,ALL
2020-02-07,,,,,,,,,Iran,ALL
2020-02-08,,,,,,,,,Iran,ALL
2020-02-09,,,,,,,,,Iran,ALL
2020-02-10,,,,,,,,,Iran,ALL
2020-02-11,,,,,,,,,Iran,ALL
2020-02-12,,,,,,,,,Iran,ALL
2020-02-13,,,,,,,,,Iran,ALL
2020-02-14,,,,,,,,,Iran,ALL
2020-02-15,,,,,,,,,Iran,ALL
2020-02-16,,,,,,,,,Iran,ALL
2020-02-17,,,,,,,,,Iran,ALL
2020-02-18,,,,,,,,,Iran,ALL
2020-02-19,2,2,,,,,,,Iran,ALL
2020-02-20,0,2,,,,,,,Iran,ALL
2020-02-21,2,4,,,,,,,Iran,ALL
2020-02-22,1,5,,,,,,,Iran,ALL
2020-02-23,3,8,,,,,,,Iran,ALL
2020-02-24,4,12,,,,,,,Iran,ALL
2020-02-25,4,16,,,,,,,Iran,ALL
2020-02-26,3,19,,,,,,,Iran,ALL
2020-02-27,7,26,,,,,,,Iran,ALL
2020-02-28,8,34,,,,,,,Iran,ALL
2020-02-29,9,43,,,,,,,Iran,ALL
2020-03-01,11,54,,,,,,,Iran,ALL
2020-03-02,12,66,,,,,,,Iran,ALL
2020-03-03,11,77,,,,,,,Iran,ALL
2020-03-04,15,92,,,,,,,Iran,ALL
2020-03-05,15,107,,,,,,,Iran,ALL
2020-03-06,17,124,,,,,,,Iran,ALL
2020-03-07,21,145,,,,,,,Iran,ALL
2020-03-08,49,194,,,,,,,Iran,ALL
2020-03-09,43,237,,,,,,,Iran,ALL
2020-03-10,54,291,,,,,,,Iran,ALL
2020-03-11,63,354,,,,,,,Iran,ALL
2020-03-12,75,429,,,,,,,Iran,ALL
2020-03-13,85,514,,,,,,,Iran,ALL
2020-03-14,97,611,,,,,,,Iran,ALL
2020-03-15,113,724,,,,,,,Iran,ALL
2020-03-16,129,853,,,,,,,Iran,ALL
2020-03-17,135,988,,,,,,,Iran,ALL
2020-03-18,147,1135,,,,,,,Iran,ALL
2020-03-19,149,1284,,,,,,,Iran,ALL
2020-03-20,149,1433,,,,,,,Iran,ALL
2020-03-21,123,1556,,,,,,,Iran,ALL
2020-03-22,129,1685,,,,,,,Iran,ALL
2020-03-23,127,1812,,,,,,,Iran,ALL
2020-03-24,122,1934,,,,,,,Iran,ALL
2020-03-25,143,2077,,,,,,,Iran,ALL
2020-03-26,157,2234,,,,,,,Iran,ALL
2020-03-27,144,2378,,,,,,,Iran,ALL
2020-03-28,139,2517,,,,,,,Iran,ALL
2020-03-29,123,2640,,,,,,,Iran,ALL
2020-03-30,117,2757,,,,,,,Iran,ALL
2020-03-31,141,2898,,,,,,,Iran,ALL
2020-04-01,138,3036,,,,,,,Iran,ALL
2020-04-02,124,3160,,,,,,,Iran,ALL
2020-04-03,134,3294,,,,,,,Iran,ALL
2020-04-04,158,3452,,,,,,,Iran,ALL
2020-04-05,,,106,51,177,3558,3503,3629,Iran,ALL
2020-04-06,,,99,45,173,3656,3548,3802,Iran,ALL
2020-04-07,,,92,38,168,3748,3586,3970,Iran,ALL
2020-04-08,,,85,32,162,3834,3618,4132,Iran,ALL
2020-04-09,,,79,27,157,3912,3645,4289,Iran,ALL
2020-04-10,,,73,23,151,3985,3668,4440,Iran,ALL
2020-04-11,,,67,19,145,4053,3687,4585,Iran,ALL
2020-04-12,,,62,17,139,4115,3704,4724,Iran,ALL
2020-04-13,,,57,14,132,4172,3718,4856,Iran,ALL
2020-04-14,,,52,12,126,4224,3730,4982,Iran,ALL
2020-04-15,,,48,10,121,4273,3740,5103,Iran,ALL
2020-04-16,,,44,9,116,4317,3749,5219,Iran,ALL
2020-04-17,,,41,7,109,4358,3756,5328,Iran,ALL
2020-04-18,,,37,6,104,4395,3762,5432,Iran,ALL
2020-04-19,,,34,5,98,4429,3767,5530,Iran,ALL
2020-04-20,,,32,4,93,4461,3771,5623,Iran,ALL
2020-04-21,,,29,4,89,4490,3775,5712,Iran,ALL
2020-04-22,,,27,3,84,4517,3778,5796,Iran,ALL
2020-04-23,,,25,3,79,4541,3781,5875,Iran,ALL
2020-04-24,,,23,3,75,4564,3784,5950,Iran,ALL
2020-04-25,,,21,2,71,4585,3786,6021,Iran,ALL
2020-04-26,,,19,2,67,4604,3788,6088,Iran,ALL
2020-04-27,,,18,2,63,4622,3790,6151,Iran,ALL
2020-04-28,,,17,2,60,4639,3792,6211,Iran,ALL
2020-04-29,,,15,2,57,4654,3794,6268,Iran,ALL
2020-04-30,,,14,2,54,4668,3796,6322,Iran,ALL
2020-05-01,,,13,1,51,4682,3797,6373,Iran,ALL
2020-05-02,,,12,1,48,4694,3798,6421,Iran,ALL
2020-05-03,,,12,1,45,4706,3799,6466,Iran,ALL
2020-05-04,,,11,1,43,4716,3800,6509,Iran,ALL
2020-05-05,,,10,1,41,4727,3801,6550,Iran,ALL
2020-05-06,,,10,1,38,4736,3802,6588,Iran,ALL
2020-05-07,,,9,1,36,4745,3803,6624,Iran,ALL
2020-05-08,,,8,1,34,4753,3804,6658,Iran,ALL
2020-05-09,,,8,1,32,4761,3805,6690,Iran,ALL
2020-05-10,,,7,1,30,4769,3806,6720,Iran,ALL
2020-05-11,,,7,1,29,4776,3807,6749,Iran,ALL
2020-05-12,,,7,1,27,4783,3808,6776,Iran,ALL
2020-05-13,,,6,1,26,4789,3809,6802,Iran,ALL
2020-05-14,,,6,1,24,4795,3810,6826,Iran,ALL
2020-05-15,,,6,1,23,4801,3811,6849,Iran,ALL
2020-05-16,,,5,1,22,4806,3812,6871,Iran,ALL
2020-05-17,,,5,1,20,4811,3813,6891,Iran,ALL
2020-05-18,,,5,1,19,4816,3814,6910,Iran,ALL
2020-05-19,,,5,1,18,4821,3815,6928,Iran,ALL
2020-05-20,,,4,1,17,4825,3816,6945,Iran,ALL
2020-05-21,,,4,0,16,4830,3816,6961,Iran,ALL
2020-05-22,,,4,0,16,4834,3816,6977,Iran,ALL
2020-05-23,,,4,0,15,4838,3816,6992,Iran,ALL
2020-05-24,,,4,0,14,4842,3816,7006,Iran,ALL
2020-05-25,,,4,0,14,4845,3816,7020,Iran,ALL
2020-05-26,,,4,0,13,4849,3816,7033,Iran,ALL
2020-05-27,,,3,0,12,4852,3816,7045,Iran,ALL
2020-05-28,,,3,0,11,4855,3816,7056,Iran,ALL
2020-05-29,,,3,0,11,4858,3816,7067,Iran,ALL
2020-05-30,,,3,0,11,4861,3816,7078,Iran,ALL
2020-05-31,,,3,0,10,4864,3816,7088,Iran,ALL
2020-06-01,,,3,0,10,4867,3816,7098,Iran,ALL
2020-06-02,,,3,0,9,4870,3816,7107,Iran,ALL
2020-06-03,,,3,0,9,4872,3816,7116,Iran,ALL
2020-06-04,,,3,0,8,4875,3816,7124,Iran,ALL
2020-06-05,,,2,0,8,4877,3816,7132,Iran,ALL
2020-06-06,,,2,0,8,4880,3816,7140,Iran,ALL
2020-06-07,,,2,0,7,4882,3816,7147,Iran,ALL
2020-06-08,,,2,0,7,4884,3816,7154,Iran,ALL
2020-06-09,,,2,0,7,4886,3816,7161,Iran,ALL
2020-06-10,,,2,0,6,4888,3816,7167,Iran,ALL
2020-06-11,,,2,0,6,4890,3816,7173,Iran,ALL
2020-06-12,,,2,0,6,4892,3816,7179,Iran,ALL
2020-06-13,,,2,0,6,4894,3816,7185,Iran,ALL
2020-06-14,,,2,0,6,4896,3816,7191,Iran,ALL
2020-06-15,,,2,0,5,4898,3816,7196,Iran,ALL
2020-06-16,,,2,0,5,4899,3816,7201,Iran,ALL
2020-06-17,,,2,0,5,4901,3816,7206,Iran,ALL
2020-06-18,,,2,0,5,4902,3816,7211,Iran,ALL
2020-06-19,,,1,0,5,4904,3816,7216,Iran,ALL
2020-06-20,,,1,0,5,4905,3816,7221,Iran,ALL
2020-06-21,,,1,0,4,4906,3816,7225,Iran,ALL
2020-06-22,,,1,0,4,4908,3816,7229,Iran,ALL
2020-06-23,,,1,0,4,4909,3816,7233,Iran,ALL
2020-06-24,,,1,0,4,4910,3816,7237,Iran,ALL
2020-06-25,,,1,0,4,4911,3816,7241,Iran,ALL
2020-06-26,,,1,0,4,4912,3816,7245,Iran,ALL
2020-06-27,,,1,0,4,4913,3816,7249,Iran,ALL
2020-06-28,,,1,0,4,4914,3816,7253,Iran,ALL
2020-06-29,,,1,0,3,4915,3816,7256,Iran,ALL
2020-06-30,,,1,0,3,4916,3816,7259,Iran,ALL
2020-01-27,,,,,,,,,Italy,ALL
2020-01-28,,,,,,,,,Italy,ALL
2020-01-29,,,,,,,,,Italy,ALL
2020-01-30,,,,,,,,,Italy,ALL
2020-01-31,,,,,,,,,Italy,ALL
2020-02-01,,,,,,,,,Italy,ALL
2020-02-02,,,,,,,,,Italy,ALL
2020-02-03,,,,,,,,,Italy,ALL
2020-02-04,,,,,,,,,Italy,ALL
2020-02-05,,,,,,,,,Italy,ALL
2020-02-06,,,,,,,,,Italy,ALL
2020-02-07,,,,,,,,,Italy,ALL
2020-02-08,,,,,,,,,Italy,ALL
2020-02-09,,,,,,,,,Italy,ALL
2020-02-10,,,,,,,,,Italy,ALL
2020-02-11,,,,,,,,,Italy,ALL
2020-02-12,,,,,,,,,Italy,ALL
2020-02-13,,,,,,,,,Italy,ALL
2020-02-14,,,,,,,,,Italy,ALL
2020-02-15,,,,,,,,,Italy,ALL
2020-02-16,,,,,,,,,Italy,ALL
2020-02-17,,,,,,,,,Italy,ALL
2020-02-18,,,,,,,,,Italy,ALL
2020-02-19,,,,,,,,,Italy,ALL
2020-02-20,,,,,,,,,Italy,ALL
2020-02-21,1,1,,,,,,,Italy,ALL
2020-02-22,1,2,,,,,,,Italy,ALL
2020-02-23,1,3,,,,,,,Italy,ALL
2020-02-24,4,7,,,,,,,Italy,ALL
2020-02-25,3,10,,,,,,,Italy,ALL
2020-02-26,2,12,,,,,,,Italy,ALL
2020-02-27,5,17,,,,,,,Italy,ALL
2020-02-28,4,21,,,,,,,Italy,ALL
2020-02-29,8,29,,,,,,,Italy,ALL
2020-03-01,5,34,,,,,,,Italy,ALL
2020-03-02,18,52,,,,,,,Italy,ALL
2020-03-03,27,79,,,,,,,Italy,ALL
2020-03-04,28,107,,,,,,,Italy,ALL
2020-03-05,41,148,,,,,,,Italy,ALL
2020-03-06,49,197,,,,,,,Italy,ALL
2020-03-07,36,233,,,,,,,Italy,ALL
2020-03-08,133,366,,,,,,,Italy,ALL
2020-03-09,97,463,,,,,,,Italy,ALL
2020-03-10,168,631,,,,,,,Italy,ALL
2020-03-11,196,827,,,,,,,Italy,ALL
2020-03-12,0,827,,,,,,,Italy,ALL
2020-03-13,439,1266,,,,,,,Italy,ALL
2020-03-14,175,1441,,,,,,,Italy,ALL
2020-03-15,368,1809,,,,,,,Italy,ALL
2020-03-16,349,2158,,,,,,,Italy,ALL
2020-03-17,345,2503,,,,,,,Italy,ALL
2020-03-18,475,2978,,,,,,,Italy,ALL
2020-03-19,427,3405,,,,,,,Italy,ALL
2020-03-20,627,4032,,,,,,,Italy,ALL
2020-03-21,793,4825,,,,,,,Italy,ALL
2020-03-22,651,5476,,,,,,,Italy,ALL
2020-03-23,601,6077,,,,,,,Italy,ALL
2020-03-24,743,6820,,,,,,,Italy,ALL
2020-03-25,683,7503,,,,,,,Italy,ALL
2020-03-26,712,8215,,,,,,,Italy,ALL
2020-03-27,919,9134,,,,,,,Italy,ALL
2020-03-28,889,10023,,,,,,,Italy,ALL
2020-03-29,756,10779,,,,,,,Italy,ALL
2020-03-30,812,11591,,,,,,,Italy,ALL
2020-03-31,837,12428,,,,,,,Italy,ALL
2020-04-01,727,13155,,,,,,,Italy,ALL
2020-04-02,760,13915,,,,,,,Italy,ALL
2020-04-03,766,14681,,,,,,,Italy,ALL
2020-04-04,681,15362,,,,,,,Italy,ALL
2020-04-05,,,669,456,843,16031,15818,16205,Italy,ALL
2020-04-06,,,623,397,815,16653,16215,17020,Italy,ALL
2020-04-07,,,577,340,785,17230,16554,17804,Italy,ALL
2020-04-08,,,531,288,756,17762,16842,18560,Italy,ALL
2020-04-09,,,488,242,726,18249,17084,19286,Italy,ALL
2020-04-10,,,446,203,691,18695,17287,19977,Italy,ALL
2020-04-11,,,407,169,653,19102,17456,20630,Italy,ALL
2020-04-12,,,370,140,614,19472,17596,21244,Italy,ALL
2020-04-13,,,336,117,575,19809,17713,21819,Italy,ALL
2020-04-14,,,305,97,537,20114,17810,22356,Italy,ALL
2020-04-15,,,277,80,509,20390,17890,22865,Italy,ALL
2020-04-16,,,251,66,480,20641,17956,23345,Italy,ALL
2020-04-17,,,227,55,454,20868,18011,23799,Italy,ALL
2020-04-18,,,206,46,428,21073,18057,24227,Italy,ALL
2020-04-19,,,186,39,403,21260,18096,24630,Italy,ALL
2020-04-20,,,169,33,378,21429,18130,25008,Italy,ALL
2020-04-21,,,153,28,356,21582,18157,25364,Italy,ALL
2020-04-22,,,139,24,334,21721,18181,25698,Italy,ALL
2020-04-23,,,127,20,313,21848,18201,26011,Italy,ALL
2020-04-24,,,116,17,290,21964,18218,26301,Italy,ALL
2020-04-25,,,105,15,269,22069,18233,26570,Italy,ALL
2020-04-26,,,96,13,253,22165,18246,26823,Italy,ALL
2020-04-27,,,88,12,237,22253,18258,27060,Italy,ALL
2020-04-28,,,81,11,223,22334,18268,27283,Italy,ALL
2020-04-29,,,74,10,209,22408,18278,27492,Italy,ALL
2020-04-30,,,68,9,197,22477,18287,27688,Italy,ALL
2020-05-01,,,63,9,185,22540,18296,27873,Italy,ALL
2020-05-02,,,58,9,173,22598,18305,28046,Italy,ALL
2020-05-03,,,54,8,163,22651,18313,28209,Italy,ALL
2020-05-04,,,50,8,153,22701,18321,28361,Italy,ALL
2020-05-05,,,46,8,144,22748,18328,28505,Italy,ALL
2020-05-06,,,43,7,135,22791,18335,28640,Italy,ALL
2020-05-07,,,40,7,127,22831,18342,28766,Italy,ALL
2020-05-08,,,37,6,120,22868,18348,28886,Italy,ALL
2020-05-09,,,35,6,113,22904,18354,28999,Italy,ALL
2020-05-10,,,33,6,107,22937,18360,29105,Italy,ALL
2020-05-11,,,31,5,100,22968,18365,29206,Italy,ALL
2020-05-12,,,29,5,95,22997,18370,29301,Italy,ALL
2020-05-13,,,27,5,89,23024,18375,29391,Italy,ALL
2020-05-14,,,26,5,85,23050,18380,29476,Italy,ALL
2020-05-15,,,24,5,80,23074,18385,29556,Italy,ALL
2020-05-16,,,23,5,76,23097,18390,29633,Italy,ALL
2020-05-17,,,22,4,72,23119,18394,29705,Italy,ALL
2020-05-18,,,21,4,68,23140,18398,29773,Italy,ALL
2020-05-19,,,20,4,65,23160,18402,29839,Italy,ALL
2020-05-20,,,19,4,61,23179,18406,29900,Italy,ALL
2020-05-21,,,18,4,58,23197,18410,29958,Italy,ALL
2020-05-22,,,17,4,55,23214,18414,30013,Italy,ALL
2020-05-23,,,16,4,53,23230,18418,30067,Italy,ALL
2020-05-24,,,16,4,50,23246,18422,30117,Italy,ALL
2020-05-25,,,15,4,48,23261,18426,30165,Italy,ALL
2020-05-26,,,14,4,45,23275,18430,30210,Italy,ALL
2020-05-27,,,14,4,43,23289,18434,30253,Italy,ALL
2020-05-28,,,13,4,41,23303,18438,30294,Italy,ALL
2020-05-29,,,13,3,40,23315,18441,30334,Italy,ALL
2020-05-30,,,12,3,38,23328,18444,30372,Italy,ALL
2020-05-31,,,12,3,36,23340,18447,30408,Italy,ALL
2020-06-01,,,11,3,34,23351,18450,30442,Italy,ALL
2020-06-02,,,11,3,32,23362,18453,30474,Italy,ALL
2020-06-03,,,11,3,31,23372,18456,30505,Italy,ALL
2020-06-04,,,10,3,29,23383,18459,30534,Italy,ALL
2020-06-05,,,10,3,28,23393,18462,30563,Italy,ALL
2020-06-06,,,10,3,27,23402,18465,30590,Italy,ALL
2020-06-07,,,9,3,26,23411,18468,30616,Italy,ALL
2020-06-08,,,9,3,24,23420,18471,30640,Italy,ALL
2020-06-09,,,9,3,23,23429,18474,30663,Italy,ALL
2020-06-10,,,8,3,23,23437,18477,30686,Italy,ALL
2020-06-11,,,8,3,22,23445,18480,30708,Italy,ALL
2020-06-12,,,8,3,21,23453,18483,30730,Italy,ALL
2020-06-13,,,7,2,20,23461,18485,30750,Italy,ALL
2020-06-14,,,7,2,19,23468,18487,30769,Italy,ALL
2020-06-15,,,7,2,19,23475,18489,30788,Italy,ALL
2020-06-16,,,7,2,18,23482,18491,30806,Italy,ALL
2020-06-17,,,7,2,17,23489,18493,30823,Italy,ALL
2020-06-18,,,6,2,17,23495,18495,30840,Italy,ALL
2020-06-19,,,6,2,16,23501,18497,30856,Italy,ALL
2020-06-20,,,6,2,16,23507,18499,30872,Italy,ALL
2020-06-21,,,6,2,15,23513,18501,30887,Italy,ALL
2020-06-22,,,6,2,15,23519,18503,30902,Italy,ALL
2020-06-23,,,5,2,14,23524,18505,30916,Italy,ALL
2020-06-24,,,5,2,14,23529,18507,30930,Italy,ALL
2020-06-25,,,5,2,13,23534,18509,30944,Italy,ALL
2020-06-26,,,5,2,13,23539,18511,30957,Italy,ALL
2020-06-27,,,5,1,12,23544,18512,30969,Italy,ALL
2020-06-28,,,4,1,12,23549,18513,30981,Italy,ALL
2020-06-29,,,4,1,11,23553,18514,30992,Italy,ALL
2020-06-30,,,4,1,11,23557,18515,31003,Italy,ALL
2020-02-10,,,,,,,,,Netherlands,ALL
2020-02-11,,,,,,,,,Netherlands,ALL
2020-02-12,,,,,,,,,Netherlands,ALL
2020-02-13,,,,,,,,,Netherlands,ALL
2020-02-14,,,,,,,,,Netherlands,ALL
2020-02-15,,,,,,,,,Netherlands,ALL
2020-02-16,,,,,,,,,Netherlands,ALL
2020-02-17,,,,,,,,,Netherlands,ALL
2020-02-18,,,,,,,,,Netherlands,ALL
2020-02-19,,,,,,,,,Netherlands,ALL
2020-02-20,,,,,,,,,Netherlands,ALL
2020-02-21,,,,,,,,,Netherlands,ALL
2020-02-22,,,,,,,,,Netherlands,ALL
2020-02-23,,,,,,,,,Netherlands,ALL
2020-02-24,,,,,,,,,Netherlands,ALL
2020-02-25,,,,,,,,,Netherlands,ALL
2020-02-26,,,,,,,,,Netherlands,ALL
2020-02-27,,,,,,,,,Netherlands,ALL
2020-02-28,,,,,,,,,Netherlands,ALL
2020-02-29,,,,,,,,,Netherlands,ALL
2020-03-01,,,,,,,,,Netherlands,ALL
2020-03-02,,,,,,,,,Netherlands,ALL
2020-03-03,,,,,,,,,Netherlands,ALL
2020-03-04,,,,,,,,,Netherlands,ALL
2020-03-05,,,,,,,,,Netherlands,ALL
2020-03-06,1,1,,,,,,,Netherlands,ALL
2020-03-07,0,1,,,,,,,Netherlands,ALL
2020-03-08,2,3,,,,,,,Netherlands,ALL
2020-03-09,0,3,,,,,,,Netherlands,ALL
2020-03-10,1,4,,,,,,,Netherlands,ALL
2020-03-11,1,5,,,,,,,Netherlands,ALL
2020-03-12,0,5,,,,,,,Netherlands,ALL
2020-03-13,5,10,,,,,,,Netherlands,ALL
2020-03-14,2,12,,,,,,,Netherlands,ALL
2020-03-15,8,20,,,,,,,Netherlands,ALL
2020-03-16,4,24,,,,,,,Netherlands,ALL
2020-03-17,19,43,,,,,,,Netherlands,ALL
2020-03-18,15,58,,,,,,,Netherlands,ALL
2020-03-19,19,77,,,,,,,Netherlands,ALL
2020-03-20,30,107,,,,,,,Netherlands,ALL
2020-03-21,30,137,,,,,,,Netherlands,ALL
2020-03-22,43,180,,,,,,,Netherlands,ALL
2020-03-23,34,214,,,,,,,Netherlands,ALL
2020-03-24,63,277,,,,,,,Netherlands,ALL
2020-03-25,80,357,,,,,,,Netherlands,ALL
2020-03-26,78,435,,,,,,,Netherlands,ALL
2020-03-27,112,547,,,,,,,Netherlands,ALL
2020-03-28,93,640,,,,,,,Netherlands,ALL
2020-03-29,132,772,,,,,,,Netherlands,ALL
2020-03-30,93,865,,,,,,,Netherlands,ALL
2020-03-31,175,1040,,,,,,,Netherlands,ALL
2020-04-01,135,1175,,,,,,,Netherlands,ALL
2020-04-02,166,1341,,,,,,,Netherlands,ALL
2020-04-03,149,1490,,,,,,,Netherlands,ALL
2020-04-04,166,1656,,,,,,,Netherlands,ALL
2020-04-05,,,173,136,201,1829,1792,1857,Netherlands,ALL
2020-04-06,,,173,124,212,2002,1916,2069,Netherlands,ALL
2020-04-07,,,171,114,223,2173,2030,2292,Netherlands,ALL
2020-04-08,,,168,98,234,2340,2129,2526,Netherlands,ALL
2020-04-09,,,163,83,243,2503,2212,2769,Netherlands,ALL
2020-04-10,,,156,71,253,2659,2283,3022,Netherlands,ALL
2020-04-11,,,150,61,258,2809,2344,3280,Netherlands,ALL
2020-04-12,,,142,50,263,2951,2394,3543,Netherlands,ALL
2020-04-13,,,135,43,267,3086,2437,3810,Netherlands,ALL
2020-04-14,,,127,36,269,3214,2473,4078,Netherlands,ALL
2020-04-15,,,120,31,269,3333,2504,4347,Netherlands,ALL
2020-04-16,,,112,26,267,3446,2530,4614,Netherlands,ALL
2020-04-17,,,105,21,264,3551,2551,4878,Netherlands,ALL
2020-04-18,,,98,18,262,3649,2569,5140,Netherlands,ALL
2020-04-19,,,92,15,259,3741,2584,5398,Netherlands,ALL
2020-04-20,,,85,13,253,3826,2598,5651,Netherlands,ALL
2020-04-21,,,79,11,245,3905,2608,5895,Netherlands,ALL
2020-04-22,,,74,9,236,3979,2618,6131,Netherlands,ALL
2020-04-23,,,68,8,228,4048,2626,6359,Netherlands,ALL
2020-04-24,,,63,7,221,4111,2632,6580,Netherlands,ALL
2020-04-25,,,59,6,214,4170,2638,6794,Netherlands,ALL
2020-04-26,,,54,5,206,4224,2644,6999,Netherlands,ALL
2020-04-27,,,50,4,198,4274,2648,7198,Netherlands,ALL
2020-04-28,,,47,4,190,4321,2652,7388,Netherlands,ALL
2020-04-29,,,43,4,181,4364,2656,7569,Netherlands,ALL
2020-04-30,,,40,3,170,4404,2659,7739,Netherlands,ALL
2020-05-01,,,37,3,160,4441,2662,7900,Netherlands,ALL
2020-05-02,,,34,3,150,4475,2665,8050,Netherlands,ALL
2020-05-03,,,32,3,141,4507,2668,8191,Netherlands,ALL
2020-05-04,,,29,2,131,4536,2670,8322,Netherlands,ALL
2020-05-05,,,27,2,122,4563,2672,8444,Netherlands,ALL
2020-05-06,,,25,2,114,4589,2674,8557,Netherlands,ALL
2020-05-07,,,24,2,108,4612,2676,8665,Netherlands,ALL
2020-05-08,,,22,2,102,4634,2678,8767,Netherlands,ALL
2020-05-09,,,20,2,97,4655,2680,8864,Netherlands,ALL
2020-05-10,,,19,2,91,4674,2682,8954,Netherlands,ALL
2020-05-11,,,18,2,86,4691,2684,9040,Netherlands,ALL
2020-05-12,,,17,2,80,4708,2686,9120,Netherlands,ALL
2020-05-13,,,16,2,76,4724,2688,9197,Netherlands,ALL
2020-05-14,,,15,2,72,4738,2690,9269,Netherlands,ALL
2020-05-15,,,14,2,68,4752,2692,9337,Netherlands,ALL
2020-05-16,,,13,2,64,4765,2694,9401,Netherlands,ALL
2020-05-17,,,12,2,61,4777,2696,9462,Netherlands,ALL
2020-05-18,,,11,2,57,4788,2698,9518,Netherlands,ALL
2020-05-19,,,11,2,54,4799,2700,9572,Netherlands,ALL
2020-05-20,,,10,2,51,4810,2702,9623,Netherlands,ALL
2020-05-21,,,10,1,48,4819,2703,9670,Netherlands,ALL
2020-05-22,,,9,1,46,4829,2704,9716,Netherlands,ALL
2020-05-23,,,9,1,43,4837,2705,9759,Netherlands,ALL
2020-05-24,,,8,1,41,4846,2706,9800,Netherlands,ALL
2020-05-25,,,8,1,38,4853,2707,9837,Netherlands,ALL
2020-05-26,,,7,1,36,4861,2708,9873,Netherlands,ALL
2020-05-27,,,7,1,34,4868,2709,9907,Netherlands,ALL
2020-05-28,,,7,1,32,4875,2710,9939,Netherlands,ALL
2020-05-29,,,7,1,31,4881,2711,9969,Netherlands,ALL
2020-05-30,,,6,1,29,4888,2712,9998,Netherlands,ALL
2020-05-31,,,6,1,27,4894,2713,10025,Netherlands,ALL
2020-06-01,,,6,1,26,4899,2714,10051,Netherlands,ALL
2020-06-02,,,5,1,24,4905,2715,10075,Netherlands,ALL
2020-06-03,,,5,1,23,4910,2716,10098,Netherlands,ALL
2020-06-04,,,5,1,22,4915,2717,10120,Netherlands,ALL
2020-06-05,,,5,1,21,4920,2718,10140,Netherlands,ALL
2020-06-06,,,5,1,20,4924,2719,10160,Netherlands,ALL
2020-06-07,,,4,1,19,4929,2720,10179,Netherlands,ALL
2020-06-08,,,4,1,18,4933,2721,10197,Netherlands,ALL
2020-06-09,,,4,1,17,4937,2722,10214,Netherlands,ALL
2020-06-10,,,4,1,16,4941,2723,10230,Netherlands,ALL
2020-06-11,,,4,1,15,4945,2724,10245,Netherlands,ALL
2020-06-12,,,4,1,15,4949,2725,10260,Netherlands,ALL
2020-06-13,,,4,1,14,4952,2726,10274,Netherlands,ALL
2020-06-14,,,3,1,13,4956,2727,10287,Netherlands,ALL
2020-06-15,,,3,1,13,4959,2728,10299,Netherlands,ALL
2020-06-16,,,3,1,12,4963,2729,10311,Netherlands,ALL
2020-06-17,,,3,1,11,4966,2730,10322,Netherlands,ALL
2020-06-18,,,3,1,11,4968,2731,10333,Netherlands,ALL
2020-06-19,,,3,1,10,4971,2732,10343,Netherlands,ALL
2020-06-20,,,3,1,10,4974,2733,10353,Netherlands,ALL
2020-06-21,,,3,1,9,4977,2734,10362,Netherlands,ALL
2020-06-22,,,3,1,9,4979,2735,10371,Netherlands,ALL
2020-06-23,,,2,0,9,4982,2735,10380,Netherlands,ALL
2020-06-24,,,2,0,8,4984,2735,10388,Netherlands,ALL
2020-06-25,,,2,0,8,4986,2735,10396,Netherlands,ALL
2020-06-26,,,2,0,7,4988,2735,10403,Netherlands,ALL
2020-06-27,,,2,0,7,4990,2735,10410,Netherlands,ALL
2020-06-28,,,2,0,7,4992,2735,10417,Netherlands,ALL
2020-06-29,,,2,0,6,4994,2735,10423,Netherlands,ALL
2020-06-30,,,2,0,6,4996,2735,10429,Netherlands,ALL
2020-02-07,,,,,,,,,Spain,ALL
2020-02-08,,,,,,,,,Spain,ALL
2020-02-09,,,,,,,,,Spain,ALL
2020-02-10,,,,,,,,,Spain,ALL
2020-02-11,,,,,,,,,Spain,ALL
2020-02-12,,,,,,,,,Spain,ALL
2020-02-13,,,,,,,,,Spain,ALL
2020-02-14,,,,,,,,,Spain,ALL
2020-02-15,,,,,,,,,Spain,ALL
2020-02-16,,,,,,,,,Spain,ALL
2020-02-17,,,,,,,,,Spain,ALL
2020-02-18,,,,,,,,,Spain,ALL
2020-02-19,,,,,,,,,Spain,ALL
2020-02-20,,,,,,,,,Spain,ALL
2020-02-21,,,,,,,,,Spain,ALL
2020-02-22,,,,,,,,,Spain,ALL
2020-02-23,,,,,,,,,Spain,ALL
2020-02-24,,,,,,,,,Spain,ALL
2020-02-25,,,,,,,,,Spain,ALL
2020-02-26,,,,,,,,,Spain,ALL
2020-02-27,,,,,,,,,Spain,ALL
2020-02-28,,,,,,,,,Spain,ALL
2020-02-29,,,,,,,,,Spain,ALL
2020-03-01,,,,,,,,,Spain,ALL
2020-03-02,,,,,,,,,Spain,ALL
2020-03-03,1,1,,,,,,,Spain,ALL
2020-03-04,1,2,,,,,,,Spain,ALL
2020-03-05,1,3,,,,,,,Spain,ALL
2020-03-06,2,5,,,,,,,Spain,ALL
2020-03-07,5,10,,,,,,,Spain,ALL
2020-03-08,7,17,,,,,,,Spain,ALL
2020-03-09,11,28,,,,,,,Spain,ALL
2020-03-10,7,35,,,,,,,Spain,ALL
2020-03-11,19,54,,,,,,,Spain,ALL
2020-03-12,1,55,,,,,,,Spain,ALL
2020-03-13,78,133,,,,,,,Spain,ALL
2020-03-14,62,195,,,,,,,Spain,ALL
2020-03-15,94,289,,,,,,,Spain,ALL
2020-03-16,53,342,,,,,,,Spain,ALL
2020-03-17,191,533,,,,,,,Spain,ALL
2020-03-18,90,623,,,,,,,Spain,ALL
2020-03-19,207,830,,,,,,,Spain,ALL
2020-03-20,213,1043,,,,,,,Spain,ALL
2020-03-21,332,1375,,,,,,,Spain,ALL
2020-03-22,397,1772,,,,,,,Spain,ALL
2020-03-23,539,2311,,,,,,,Spain,ALL
2020-03-24,497,2808,,,,,,,Spain,ALL
2020-03-25,839,3647,,,,,,,Spain,ALL
2020-03-26,718,4365,,,,,,,Spain,ALL
2020-03-27,773,5138,,,,,,,Spain,ALL
2020-03-28,844,5982,,,,,,,Spain,ALL
2020-03-29,821,6803,,,,,,,Spain,ALL
2020-03-30,913,7716,,,,,,,Spain,ALL
2020-03-31,748,8464,,,,,,,Spain,ALL
2020-04-01,923,9387,,,,,,,Spain,ALL
2020-04-02,961,10348,,,,,,,Spain,ALL
2020-04-03,850,11198,,,,,,,Spain,ALL
2020-04-04,749,11947,,,,,,,Spain,ALL
2020-04-05,,,1127,855,1410,13074,12802,13357,Spain,ALL
2020-04-06,,,1119,810,1430,14192,13612,14788,Spain,ALL
2020-04-07,,,1088,743,1448,15280,14355,16235,Spain,ALL
2020-04-08,,,1038,651,1475,16318,15006,17710,Spain,ALL
2020-04-09,,,975,577,1476,17293,15583,19186,Spain,ALL
2020-04-10,,,905,505,1455,18198,16088,20642,Spain,ALL
2020-04-11,,,831,430,1417,19029,16518,22058,Spain,ALL
2020-04-12,,,757,358,1355,19786,16876,23414,Spain,ALL
2020-04-13,,,686,297,1275,20472,17173,24689,Spain,ALL
2020-04-14,,,619,243,1181,21091,17416,25870,Spain,ALL
2020-04-15,,,557,198,1077,21648,17614,26947,Spain,ALL
2020-04-16,,,501,162,994,22149,17776,27941,Spain,ALL
2020-04-17,,,449,131,929,22598,17908,28870,Spain,ALL
2020-04-18,,,403,107,866,23001,18014,29736,Spain,ALL
2020-04-19,,,361,86,804,23362,18100,30540,Spain,ALL
2020-04-20,,,324,70,746,23686,18170,31287,Spain,ALL
2020-04-21,,,291,58,686,23977,18228,31973,Spain,ALL
2020-04-22,,,262,47,620,24239,18275,32593,Spain,ALL
2020-04-23,,,236,39,559,24475,18314,33152,Spain,ALL
2020-04-24,,,212,32,519,24687,18346,33671,Spain,ALL
2020-04-25,,,192,27,485,24879,18373,34156,Spain,ALL
2020-04-26,,,174,23,453,25053,18396,34610,Spain,ALL
2020-04-27,,,157,19,423,25210,18415,35033,Spain,ALL
2020-04-28,,,143,16,396,25353,18431,35428,Spain,ALL
2020-04-29,,,130,14,370,25484,18445,35798,Spain,ALL
2020-04-30,,,118,13,345,25602,18458,36143,Spain,ALL
2020-05-01,,,108,11,323,25710,18469,36466,Spain,ALL
2020-05-02,,,99,10,302,25809,18478,36768,Spain,ALL
2020-05-03,,,91,9,282,25900,18487,37051,Spain,ALL
2020-05-04,,,83,8,264,25983,18495,37315,Spain,ALL
2020-05-05,,,76,8,247,26059,18503,37561,Spain,ALL
2020-05-06,,,70,7,231,26130,18510,37793,Spain,ALL
2020-05-07,,,65,7,217,26194,18517,38009,Spain,ALL
2020-05-08,,,60,6,202,26254,18523,38212,Spain,ALL
2020-05-09,,,55,6,190,26310,18529,38402,Spain,ALL
2020-05-10,,,51,6,177,26361,18535,38579,Spain,ALL
2020-05-11,,,48,6,166,26408,18541,38745,Spain,ALL
2020-05-12,,,44,5,156,26452,18546,38901,Spain,ALL
2020-05-13,,,41,5,146,26494,18551,39047,Spain,ALL
2020-05-14,,,38,5,137,26532,18556,39184,Spain,ALL
2020-05-15,,,36,5,128,26567,18561,39312,Spain,ALL
2020-05-16,,,33,5,120,26601,18566,39432,Spain,ALL
2020-05-17,,,31,5,113,26632,18571,39545,Spain,ALL
2020-05-18,,,29,5,106,26661,18576,39651,Spain,ALL
2020-05-19,,,27,5,99,26688,18581,39750,Spain,ALL
2020-05-20,,,26,5,93,26714,18586,39843,Spain,ALL
2020-05-21,,,24,4,88,26738,18590,39931,Spain,ALL
2020-05-22,,,23,4,83,26760,18594,40014,Spain,ALL
2020-05-23,,,21,4,78,26782,18598,40092,Spain,ALL
2020-05-24,,,20,4,73,26802,18602,40165,Spain,ALL
2020-05-25,,,19,4,69,26821,18606,40233,Spain,ALL
2020-05-26,,,18,4,65,26839,18610,40298,Spain,ALL
2020-05-27,,,17,4,61,26856,18614,40359,Spain,ALL
2020-05-28,,,16,4,57,26872,18618,40416,Spain,ALL
2020-05-29,,,15,4,54,26887,18622,40470,Spain,ALL
2020-05-30,,,15,4,51,26902,18626,40521,Spain,ALL
2020-05-31,,,14,4,48,26916,18630,40569,Spain,ALL
2020-06-01,,,13,4,45,26929,18634,40614,Spain,ALL
2020-06-02,,,12,3,43,26941,18637,40657,Spain,ALL
2020-06-03,,,12,3,41,26953,18640,40698,Spain,ALL
2020-06-04,,,11,3,38,26964,18643,40736,Spain,ALL
2020-06-05,,,11,3,36,26975,18646,40772,Spain,ALL
2020-06-06,,,10,3,35,26985,18649,40806,Spain,ALL
2020-06-07,,,10,3,33,26995,18652,40839,Spain,ALL
2020-06-08,,,9,3,31,27005,18655,40870,Spain,ALL
2020-06-09,,,9,3,29,27014,18658,40898,Spain,ALL
2020-06-10,,,9,3,27,27022,18661,40926,Spain,ALL
2020-06-11,,,8,3,26,27031,18664,40952,Spain,ALL
2020-06-12,,,8,3,24,27039,18667,40977,Spain,ALL
2020-06-13,,,8,3,23,27046,18670,41000,Spain,ALL
2020-06-14,,,7,3,22,27054,18673,41023,Spain,ALL
2020-06-15,,,7,3,21,27061,18676,41044,Spain,ALL
2020-06-16,,,7,2,20,27067,18678,41064,Spain,ALL
2020-06-17,,,6,2,19,27074,18680,41083,Spain,ALL
2020-06-18,,,6,2,18,27080,18682,41102,Spain,ALL
2020-06-19,,,6,2,17,27086,18684,41119,Spain,ALL
2020-06-20,,,6,2,16,27092,18686,41135,Spain,ALL
2020-06-21,,,5,2,15,27097,18688,41151,Spain,ALL
2020-06-22,,,5,2,15,27102,18690,41166,Spain,ALL
2020-06-23,,,5,2,14,27107,18692,41180,Spain,ALL
2020-06-24,,,5,2,13,27112,18694,41193,Spain,ALL
2020-06-25,,,5,2,13,27117,18696,41206,Spain,ALL
2020-06-26,,,4,2,12,27121,18698,41219,Spain,ALL
2020-06-27,,,4,2,12,27125,18700,41231,Spain,ALL
2020-06-28,,,4,2,11,27130,18702,41242,Spain,ALL
2020-06-29,,,4,1,11,27134,18703,41253,Spain,ALL
2020-06-30,,,4,1,10,27137,18704,41263,Spain,ALL
2020-02-09,,,,,,,,,Switzerland,ALL
2020-02-10,,,,,,,,,Switzerland,ALL
2020-02-11,,,,,,,,,Switzerland,ALL
2020-02-12,,,,,,,,,Switzerland,ALL
2020-02-13,,,,,,,,,Switzerland,ALL
2020-02-14,,,,,,,,,Switzerland,ALL
2020-02-15,,,,,,,,,Switzerland,ALL
2020-02-16,,,,,,,,,Switzerland,ALL
2020-02-17,,,,,,,,,Switzerland,ALL
2020-02-18,,,,,,,,,Switzerland,ALL
2020-02-19,,,,,,,,,Switzerland,ALL
2020-02-20,,,,,,,,,Switzerland,ALL
2020-02-21,,,,,,,,,Switzerland,ALL
2020-02-22,,,,,,,,,Switzerland,ALL
2020-02-23,,,,,,,,,Switzerland,ALL
2020-02-24,,,,,,,,,Switzerland,ALL
2020-02-25,,,,,,,,,Switzerland,ALL
2020-02-26,,,,,,,,,Switzerland,ALL
2020-02-27,,,,,,,,,Switzerland,ALL
2020-02-28,,,,,,,,,Switzerland,ALL
2020-02-29,,,,,,,,,Switzerland,ALL
2020-03-01,,,,,,,,,Switzerland,ALL
2020-03-02,,,,,,,,,Switzerland,ALL
2020-03-03,,,,,,,,,Switzerland,ALL
2020-03-04,,,,,,,,,Switzerland,ALL
2020-03-05,1,1,,,,,,,Switzerland,ALL
2020-03-06,0,1,,,,,,,Switzerland,ALL
2020-03-07,0,1,,,,,,,Switzerland,ALL
2020-03-08,1,2,,,,,,,Switzerland,ALL
2020-03-09,0,2,,,,,,,Switzerland,ALL
2020-03-10,1,3,,,,,,,Switzerland,ALL
2020-03-11,1,4,,,,,,,Switzerland,ALL
2020-03-12,0,4,,,,,,,Switzerland,ALL
2020-03-13,7,11,,,,,,,Switzerland,ALL
2020-03-14,2,13,,,,,,,Switzerland,ALL
2020-03-15,1,14,,,,,,,Switzerland,ALL
2020-03-16,0,14,,,,,,,Switzerland,ALL
2020-03-17,13,27,,,,,,,Switzerland,ALL
2020-03-18,1,28,,,,,,,Switzerland,ALL
2020-03-19,13,41,,,,,,,Switzerland,ALL
2020-03-20,13,54,,,,,,,Switzerland,ALL
2020-03-21,21,75,,,,,,,Switzerland,ALL
2020-03-22,23,98,,,,,,,Switzerland,ALL
2020-03-23,22,120,,,,,,,Switzerland,ALL
2020-03-24,2,122,,,,,,,Switzerland,ALL
2020-03-25,31,153,,,,,,,Switzerland,ALL
2020-03-26,38,191,,,,,,,Switzerland,ALL
2020-03-27,40,231,,,,,,,Switzerland,ALL
2020-03-28,33,264,,,,,,,Switzerland,ALL
2020-03-29,36,300,,,,,,,Switzerland,ALL
2020-03-30,59,359,,,,,,,Switzerland,ALL
2020-03-31,74,433,,,,,,,Switzerland,ALL
2020-04-01,55,488,,,,,,,Switzerland,ALL
2020-04-02,48,536,,,,,,,Switzerland,ALL
2020-04-03,55,591,,,,,,,Switzerland,ALL
2020-04-04,75,666,,,,,,,Switzerland,ALL
2020-04-05,,,77,62,99,743,728,765,Switzerland,ALL
2020-04-06,,,80,61,108,823,788,873,Switzerland,ALL
2020-04-07,,,81,56,115,904,844,988,Switzerland,ALL
2020-04-08,,,82,50,122,986,895,1110,Switzerland,ALL
2020-04-09,,,82,44,126,1067,939,1237,Switzerland,ALL
2020-04-10,,,80,38,132,1148,977,1369,Switzerland,ALL
2020-04-11,,,79,32,138,1226,1010,1507,Switzerland,ALL
2020-04-12,,,76,28,143,1303,1037,1650,Switzerland,ALL
2020-04-13,,,73,23,149,1376,1060,1799,Switzerland,ALL
2020-04-14,,,70,19,150,1446,1079,1950,Switzerland,ALL
2020-04-15,,,67,15,149,1514,1094,2098,Switzerland,ALL
2020-04-16,,,64,12,152,1578,1106,2251,Switzerland,ALL
2020-04-17,,,61,10,155,1638,1116,2406,Switzerland,ALL
2020-04-18,,,57,8,156,1695,1124,2562,Switzerland,ALL
2020-04-19,,,54,7,154,1749,1131,2716,Switzerland,ALL
2020-04-20,,,51,6,154,1800,1137,2869,Switzerland,ALL
2020-04-21,,,48,5,153,1847,1142,3022,Switzerland,ALL
2020-04-22,,,45,4,151,1892,1146,3173,Switzerland,ALL
2020-04-23,,,42,4,148,1934,1150,3321,Switzerland,ALL
2020-04-24,,,39,3,144,1973,1152,3465,Switzerland,ALL
2020-04-25,,,36,2,138,2009,1154,3604,Switzerland,ALL
2020-04-26,,,34,2,134,2043,1156,3738,Switzerland,ALL
2020-04-27,,,32,2,129,2075,1158,3867,Switzerland,ALL
2020-04-28,,,30,2,124,2105,1160,3990,Switzerland,ALL
2020-04-29,,,27,1,119,2132,1161,4109,Switzerland,ALL
2020-04-30,,,26,1,114,2158,1162,4223,Switzerland,ALL
2020-05-01,,,24,1,109,2181,1163,4332,Switzerland,ALL
2020-05-02,,,22,1,104,2203,1164,4436,Switzerland,ALL
2020-05-03,,,20,1,99,2224,1165,4535,Switzerland,ALL
2020-05-04,,,19,1,94,2243,1166,4630,Switzerland,ALL
2020-05-05,,,18,1,89,2261,1167,4719,Switzerland,ALL
2020-05-06,,,16,0,84,2277,1167,4802,Switzerland,ALL
2020-05-07,,,15,0,78,2292,1167,4880,Switzerland,ALL
2020-05-08,,,14,0,72,2306,1167,4953,Switzerland,ALL
2020-05-09,,,13,0,68,2319,1167,5020,Switzerland,ALL
2020-05-10,,,12,0,63,2332,1167,5084,Switzerland,ALL
2020-05-11,,,11,0,59,2343,1167,5142,Switzerland,ALL
2020-05-12,,,11,0,56,2353,1167,5198,Switzerland,ALL
2020-05-13,,,10,0,53,2363,1167,5251,Switzerland,ALL
2020-05-14,,,9,0,50,2372,1167,5301,Switzerland,ALL
2020-05-15,,,8,0,46,2381,1167,5347,Switzerland,ALL
2020-05-16,,,8,0,43,2389,1167,5390,Switzerland,ALL
2020-05-17,,,7,0,41,2396,1167,5431,Switzerland,ALL
2020-05-18,,,7,0,38,2403,1167,5470,Switzerland,ALL
2020-05-19,,,6,0,36,2409,1167,5506,Switzerland,ALL
2020-05-20,,,6,0,33,2415,1167,5539,Switzerland,ALL
2020-05-21,,,6,0,31,2420,1167,5570,Switzerland,ALL
2020-05-22,,,5,0,29,2426,1167,5599,Switzerland,ALL
2020-05-23,,,5,0,27,2430,1167,5626,Switzerland,ALL
2020-05-24,,,5,0,26,2435,1167,5652,Switzerland,ALL
2020-05-25,,,4,0,24,2439,1167,5676,Switzerland,ALL
2020-05-26,,,4,0,22,2443,1167,5699,Switzerland,ALL
2020-05-27,,,4,0,21,2447,1167,5720,Switzerland,ALL
2020-05-28,,,3,0,20,2450,1167,5740,Switzerland,ALL
2020-05-29,,,3,0,18,2454,1167,5759,Switzerland,ALL
2020-05-30,,,3,0,18,2457,1167,5776,Switzerland,ALL
2020-05-31,,,3,0,16,2460,1167,5793,Switzerland,ALL
2020-06-01,,,3,0,16,2462,1167,5808,Switzerland,ALL
2020-06-02,,,3,0,14,2465,1167,5823,Switzerland,ALL
2020-06-03,,,2,0,14,2467,1167,5836,Switzerland,ALL
2020-06-04,,,2,0,13,2469,1167,5850,Switzerland,ALL
2020-06-05,,,2,0,12,2471,1167,5862,Switzerland,ALL
2020-06-06,,,2,0,11,2473,1167,5873,Switzerland,ALL
2020-06-07,,,2,0,11,2475,1167,5884,Switzerland,ALL
2020-06-08,,,2,0,10,2477,1167,5894,Switzerland,ALL
2020-06-09,,,2,0,10,2479,1167,5904,Switzerland,ALL
2020-06-10,,,2,0,9,2480,1167,5914,Switzerland,ALL
2020-06-11,,,2,0,9,2482,1167,5922,Switzerland,ALL
2020-06-12,,,1,0,8,2483,1167,5930,Switzerland,ALL
2020-06-13,,,1,0,8,2485,1167,5938,Switzerland,ALL
2020-06-14,,,1,0,7,2486,1167,5946,Switzerland,ALL
2020-06-15,,,1,0,7,2487,1167,5952,Switzerland,ALL
2020-06-16,,,1,0,6,2488,1167,5959,Switzerland,ALL
2020-06-17,,,1,0,6,2489,1167,5965,Switzerland,ALL
2020-06-18,,,1,0,6,2490,1167,5971,Switzerland,ALL
2020-06-19,,,1,0,5,2491,1167,5976,Switzerland,ALL
2020-06-20,,,1,0,5,2492,1167,5981,Switzerland,ALL
2020-06-21,,,1,0,5,2493,1167,5986,Switzerland,ALL
2020-06-22,,,1,0,5,2493,1167,5991,Switzerland,ALL
2020-06-23,,,1,0,4,2494,1167,5995,Switzerland,ALL
2020-06-24,,,1,0,4,2495,1167,5999,Switzerland,ALL
2020-06-25,,,1,0,4,2496,1167,6003,Switzerland,ALL
2020-06-26,,,1,0,4,2496,1167,6007,Switzerland,ALL
2020-06-27,,,1,0,3,2497,1167,6010,Switzerland,ALL
2020-06-28,,,1,0,3,2497,1167,6013,Switzerland,ALL
2020-06-29,,,1,0,3,2498,1167,6016,Switzerland,ALL
2020-06-30,,,1,0,3,2498,1167,6019,Switzerland,ALL
2020-02-09,,,,,,,,,United Kingdom,ALL
2020-02-10,,,,,,,,,United Kingdom,ALL
2020-02-11,,,,,,,,,United Kingdom,ALL
2020-02-12,,,,,,,,,United Kingdom,ALL
2020-02-13,,,,,,,,,United Kingdom,ALL
2020-02-14,,,,,,,,,United Kingdom,ALL
2020-02-15,,,,,,,,,United Kingdom,ALL
2020-02-16,,,,,,,,,United Kingdom,ALL
2020-02-17,,,,,,,,,United Kingdom,ALL
2020-02-18,,,,,,,,,United Kingdom,ALL
2020-02-19,,,,,,,,,United Kingdom,ALL
2020-02-20,,,,,,,,,United Kingdom,ALL
2020-02-21,,,,,,,,,United Kingdom,ALL
2020-02-22,,,,,,,,,United Kingdom,ALL
2020-02-23,,,,,,,,,United Kingdom,ALL
2020-02-24,,,,,,,,,United Kingdom,ALL
2020-02-25,,,,,,,,,United Kingdom,ALL
2020-02-26,,,,,,,,,United Kingdom,ALL
2020-02-27,,,,,,,,,United Kingdom,ALL
2020-02-28,,,,,,,,,United Kingdom,ALL
2020-02-29,,,,,,,,,United Kingdom,ALL
2020-03-01,,,,,,,,,United Kingdom,ALL
2020-03-02,,,,,,,,,United Kingdom,ALL
2020-03-03,,,,,,,,,United Kingdom,ALL
2020-03-04,,,,,,,,,United Kingdom,ALL
2020-03-05,1,1,,,,,,,United Kingdom,ALL
2020-03-06,1,2,,,,,,,United Kingdom,ALL
2020-03-07,0,2,,,,,,,United Kingdom,ALL
2020-03-08,1,3,,,,,,,United Kingdom,ALL
2020-03-09,1,4,,,,,,,United Kingdom,ALL
2020-03-10,2,6,,,,,,,United Kingdom,ALL
2020-03-11,2,8,,,,,,,United Kingdom,ALL
2020-03-12,0,8,,,,,,,United Kingdom,ALL
2020-03-13,0,8,,,,,,,United Kingdom,ALL
2020-03-14,13,21,,,,,,,United Kingdom,ALL
2020-03-15,0,21,,,,,,,United Kingdom,ALL
2020-03-16,35,56,,,,,,,United Kingdom,ALL
2020-03-17,0,56,,,,,,,United Kingdom,ALL
2020-03-18,16,72,,,,,,,United Kingdom,ALL
2020-03-19,66,138,,,,,,,United Kingdom,ALL
2020-03-20,40,178,,,,,,,United Kingdom,ALL
2020-03-21,56,234,,,,,,,United Kingdom,ALL
2020-03-22,48,282,,,,,,,United Kingdom,ALL
2020-03-23,54,336,,,,,,,United Kingdom,ALL
2020-03-24,87,423,,,,,,,United Kingdom,ALL
2020-03-25,43,466,,,,,,,United Kingdom,ALL
2020-03-26,114,580,,,,,,,United Kingdom,ALL
2020-03-27,181,761,,,,,,,United Kingdom,ALL
2020-03-28,260,1021,,,,,,,United Kingdom,ALL
2020-03-29,210,1231,,,,,,,United Kingdom,ALL
2020-03-30,180,1411,,,,,,,United Kingdom,ALL
2020-03-31,382,1793,,,,,,,United Kingdom,ALL
2020-04-01,564,2357,,,,,,,United Kingdom,ALL
2020-04-02,569,2926,,,,,,,United Kingdom,ALL
2020-04-03,685,3611,,,,,,,United Kingdom,ALL
2020-04-04,709,4320,,,,,,,United Kingdom,ALL
2020-04-05,,,794,752,846,5114,5072,5166,United Kingdom,ALL
2020-04-06,,,873,809,951,5987,5881,6116,United Kingdom,ALL
2020-04-07,,,941,844,1047,6928,6725,7164,United Kingdom,ALL
2020-04-08,,,992,859,1129,7920,7584,8293,United Kingdom,ALL
2020-04-09,,,1022,841,1194,8941,8425,9487,United Kingdom,ALL
2020-04-10,,,1028,798,1251,9969,9223,10738,United Kingdom,ALL
2020-04-11,,,1012,735,1292,10981,9958,12030,United Kingdom,ALL
2020-04-12,,,977,657,1324,11958,10615,13354,United Kingdom,ALL
2020-04-13,,,929,573,1352,12887,11188,14706,United Kingdom,ALL
2020-04-14,,,871,488,1365,13758,11676,16071,United Kingdom,ALL
2020-04-15,,,811,410,1363,14569,12085,17434,United Kingdom,ALL
2020-04-16,,,749,339,1347,15318,12424,18781,United Kingdom,ALL
2020-04-17,,,689,278,1318,16007,12702,20099,United Kingdom,ALL
2020-04-18,,,632,227,1280,16640,12929,21379,United Kingdom,ALL
2020-04-19,,,579,184,1232,17219,13113,22611,United Kingdom,ALL
2020-04-20,,,530,148,1179,17748,13261,23790,United Kingdom,ALL
2020-04-21,,,484,120,1122,18233,13381,24912,United Kingdom,ALL
2020-04-22,,,443,97,1062,18675,13478,25974,United Kingdom,ALL
2020-04-23,,,405,78,1001,19080,13555,26975,United Kingdom,ALL
2020-04-24,,,370,63,940,19450,13618,27915,United Kingdom,ALL
2020-04-25,,,339,51,881,19789,13669,28796,United Kingdom,ALL
2020-04-26,,,310,41,824,20099,13710,29620,United Kingdom,ALL
2020-04-27,,,284,34,768,20383,13744,30388,United Kingdom,ALL
2020-04-28,,,260,28,715,20643,13772,31103,United Kingdom,ALL
2020-04-29,,,239,23,665,20882,13795,31768,United Kingdom,ALL
2020-04-30,,,219,18,618,21101,13813,32386,United Kingdom,ALL
2020-05-01,,,201,16,578,21303,13829,32965,United Kingdom,ALL
2020-05-02,,,185,13,541,21488,13842,33506,United Kingdom,ALL
2020-05-03,,,170,11,506,21659,13853,34012,United Kingdom,ALL
2020-05-04,,,157,9,473,21816,13863,34484,United Kingdom,ALL
2020-05-05,,,145,8,442,21960,13871,34927,United Kingdom,ALL
2020-05-06,,,134,7,413,22094,13879,35340,United Kingdom,ALL
2020-05-07,,,123,6,386,22217,13885,35726,United Kingdom,ALL
2020-05-08,,,114,6,361,22331,13891,36087,United Kingdom,ALL
2020-05-09,,,105,5,337,22436,13896,36424,United Kingdom,ALL
2020-05-10,,,97,5,315,22533,13901,36738,United Kingdom,ALL
2020-05-11,,,90,4,294,22623,13906,37032,United Kingdom,ALL
2020-05-12,,,83,4,275,22706,13910,37307,United Kingdom,ALL
2020-05-13,,,77,4,257,22783,13914,37564,United Kingdom,ALL
2020-05-14,,,72,4,239,22855,13918,37803,United Kingdom,ALL
2020-05-15,,,66,4,224,22921,13922,38027,United Kingdom,ALL
2020-05-16,,,62,3,209,22983,13925,38236,United Kingdom,ALL
2020-05-17,,,57,3,196,23040,13928,38431,United Kingdom,ALL
2020-05-18,,,53,3,183,23094,13931,38614,United Kingdom,ALL
2020-05-19,,,49,3,171,23143,13934,38785,United Kingdom,ALL
2020-05-20,,,46,3,160,23190,13937,38945,United Kingdom,ALL
2020-05-21,,,43,3,150,23233,13940,39094,United Kingdom,ALL
2020-05-22,,,40,3,140,23273,13943,39234,United Kingdom,ALL
2020-05-23,,,37,3,131,23310,13946,39364,United Kingdom,ALL
2020-05-24,,,35,3,122,23345,13949,39487,United Kingdom,ALL
2020-05-25,,,33,3,114,23378,13952,39601,United Kingdom,ALL
2020-05-26,,,31,3,107,23409,13955,39708,United Kingdom,ALL
2020-05-27,,,29,3,100,23437,13958,39808,United Kingdom,ALL
2020-05-28,,,27,2,94,23464,13960,39902,United Kingdom,ALL
2020-05-29,,,25,2,88,23489,13962,39990,United Kingdom,ALL
2020-05-30,,,23,2,82,23512,13964,40072,United Kingdom,ALL
2020-05-31,,,22,2,77,23534,13966,40150,United Kingdom,ALL
2020-06-01,,,21,2,72,23555,13968,40222,United Kingdom,ALL
2020-06-02,,,19,2,68,23574,13970,40289,United Kingdom,ALL
2020-06-03,,,18,2,63,23593,13972,40353,United Kingdom,ALL
2020-06-04,,,17,2,59,23610,13974,40412,United Kingdom,ALL
2020-06-05,,,16,2,56,23626,13976,40468,United Kingdom,ALL
2020-06-06,,,15,2,53,23641,13978,40520,United Kingdom,ALL
2020-06-07,,,14,2,49,23656,13980,40569,United Kingdom,ALL
2020-06-08,,,13,2,46,23669,13982,40615,United Kingdom,ALL
2020-06-09,,,13,2,43,23682,13984,40659,United Kingdom,ALL
2020-06-10,,,12,2,40,23694,13986,40699,United Kingdom,ALL
2020-06-11,,,11,2,38,23705,13988,40737,United Kingdom,ALL
2020-06-12,,,11,2,36,23716,13990,40773,United Kingdom,ALL
2020-06-13,,,10,2,34,23726,13992,40807,United Kingdom,ALL
2020-06-14,,,10,2,31,23736,13994,40838,United Kingdom,ALL
2020-06-15,,,9,2,30,23745,13996,40868,United Kingdom,ALL
2020-06-16,,,9,2,28,23754,13998,40896,United Kingdom,ALL
2020-06-17,,,8,1,26,23762,13999,40922,United Kingdom,ALL
2020-06-18,,,8,1,25,23769,14000,40946,United Kingdom,ALL
2020-06-19,,,7,1,23,23777,14001,40969,United Kingdom,ALL
2020-06-20,,,7,1,22,23783,14002,40991,United Kingdom,ALL
2020-06-21,,,7,1,20,23790,14003,41012,United Kingdom,ALL
2020-06-22,,,6,1,19,23796,14004,41031,United Kingdom,ALL
2020-06-23,,,6,1,18,23802,14005,41049,United Kingdom,ALL
2020-06-24,,,6,1,17,23807,14006,41067,United Kingdom,ALL
2020-06-25,,,5,1,16,23813,14007,41083,United Kingdom,ALL
2020-06-26,,,5,1,15,23817,14008,41098,United Kingdom,ALL
2020-06-27,,,5,1,15,23822,14009,41113,United Kingdom,ALL
2020-06-28,,,5,1,14,23827,14010,41127,United Kingdom,ALL
2020-06-29,,,4,1,13,23831,14011,41139,United Kingdom,ALL
2020-06-30,,,4,1,12,23835,14012,41152,United Kingdom,ALL
