date,total_cases,total_deaths,total_tests,current_hospitalized,daily_positive_7day_ma,daily_deaths_7day_ma,daily_tests_7day_ma,positivity_rate_orig_7day_ma,positivity_rate_7day_ma,prevalence_ratio_mean,prevalence_ratio_lower,prevalence_ratio_upper,rt_mean,new_infected_mean,new_infected_lower,new_infected_upper,current_infected_mean,current_infected_lower,current_infected_upper,perc_current_infected_mean,perc_current_infected_lower,perc_current_infected_upper,total_infected_mean,total_infected_lower,total_infected_upper,perc_total_infected_mean,perc_total_infected_lower,perc_total_infected_upper
2020-02-12,0,0,0,,,,,,,,,,,55.2857,36.8571,82.9286,55.2857,36.8571,82.9286,1.66586e-07,1.11057e-07,2.49878e-07,55.2857,36.8571,82.9286,1.66586e-07,1.11057e-07,2.49878e-07
2020-02-13,0,0,0,,,,,,,,,,,149.659,99.773,224.489,204.945,136.63,307.418,6.17536e-07,4.11691e-07,9.26304e-07,204.945,136.63,307.418,6.17536e-07,4.11691e-07,9.26304e-07
2020-02-14,0,0,0,,,,,,,,,,,213.191,142.127,319.786,418.136,278.757,627.204,1.25992e-06,8.39945e-07,1.88988e-06,418.136,278.757,627.204,1.25992e-06,8.39945e-07,1.88988e-06
2020-02-15,0,0,0,,,,,,,,,,,298.842,199.228,448.263,716.978,477.985,1075.47,2.16038e-06,1.44025e-06,3.24057e-06,716.978,477.985,1075.47,2.16038e-06,1.44025e-06,3.24057e-06
2020-02-16,0,0,0,,,,,,,,,,,590.658,393.772,885.987,1307.64,871.758,1961.45,3.94014e-06,2.62676e-06,5.91021e-06,1307.64,871.758,1961.45,3.94014e-06,2.62676e-06,5.91021e-06
2020-02-17,0,0,0,,,,,,,,,,,698.902,465.935,1048.35,2006.54,1337.69,3009.81,6.04605e-06,4.0307e-06,9.06908e-06,2006.54,1337.69,3009.81,6.04605e-06,4.0307e-06,9.06908e-06
2020-02-18,0,0,0,,,,,,,,,,,866.597,577.731,1299.9,2873.14,1915.42,4309.7,8.65726e-06,5.77151e-06,1.29859e-05,2873.14,1915.42,4309.7,8.65726e-06,5.77151e-06,1.29859e-05
2020-02-19,0,0,0,,,,,,,,,,,1078.73,719.153,1618.09,3951.87,2634.58,5927.8,1.19077e-05,7.93844e-06,1.78615e-05,3951.87,2634.58,5927.8,1.19077e-05,7.93844e-06,1.78615e-05
2020-02-20,0,0,0,,,,,,,,,,,1356.43,904.288,2034.65,5308.3,3538.86,7962.45,1.59948e-05,1.06632e-05,2.39923e-05,5308.3,3538.86,7962.45,1.59948e-05,1.06632e-05,2.39923e-05
2020-02-21,0,0,0,,,,,,,,,,,1701.51,1134.34,2552.26,7009.81,4673.2,10514.7,2.11218e-05,1.40812e-05,3.16827e-05,7009.81,4673.2,10514.7,2.11218e-05,1.40812e-05,3.16827e-05
2020-02-22,0,0,0,,,,,,,,,,,2162.48,1441.66,3243.72,9172.29,6114.86,13758.4,2.76377e-05,1.84251e-05,4.14566e-05,9172.29,6114.86,13758.4,2.76377e-05,1.84251e-05,4.14566e-05
2020-02-23,0,0,0,,,,,,,,,,,2740.1,1826.74,4110.16,11912.4,7941.6,17868.6,3.58941e-05,2.39294e-05,5.38412e-05,11912.4,7941.6,17868.6,3.58941e-05,2.39294e-05,5.38412e-05
2020-02-24,0,0,0,,,,,,,,,,,3536.06,2357.37,5304.09,15448.5,10299,23172.7,4.65489e-05,3.10326e-05,6.98234e-05,15448.5,10299,23172.7,4.65489e-05,3.10326e-05,6.98234e-05
2020-02-25,0,0,0,,,,,,,,,,,4539.77,3026.51,6809.65,19988.2,13325.5,29982.3,6.0228e-05,4.0152e-05,9.0342e-05,19988.2,13325.5,29982.3,6.0228e-05,4.0152e-05,9.0342e-05
2020-02-26,0,0,0,,,,,,,,,,,5762.92,3841.95,8644.38,25751.1,17167.4,38626.7,7.75927e-05,5.17285e-05,0.000116389,25751.1,17167.4,38626.7,7.75927e-05,5.17285e-05,0.000116389
2020-02-27,0,0,0,,,,,,,,,,,7257.31,4838.21,10886,32953.2,21968.8,49429.7,9.92937e-05,6.61958e-05,0.000148941,33008.4,22005.6,49512.7,9.94603e-05,6.63069e-05,0.00014919
2020-02-28,0,0,0,,,,,,,,,,,9184.5,6123,13776.8,41988,27992,62982,0.000126517,8.43448e-05,0.000189776,42193,28128.6,63289.4,0.000127135,8.47565e-05,0.000190702
2020-02-29,18,5,42,,2.57143,0.714286,6,0.428571,0.428571,116.216,77.4776,174.325,3.23106,11392.7,7595.1,17089,53167.5,35445,79751.2,0.000160203,0.000106802,0.000240304,53585.6,35723.7,80378.4,0.000161463,0.000107642,0.000242194
2020-03-01,50,8,131,,7.14286,1.14286,18.7143,0.381679,0.381679,82.6921,55.1281,124.038,3.1803,14221,9480.66,21331.5,67089.6,44726.4,100634,0.000202153,0.000134769,0.000303229,67806.6,45204.4,101710,0.000204313,0.000136209,0.00030647
2020-03-02,94,11,336,,13.4286,1.57143,48,0.283133,0.279762,52.0459,34.6973,78.0688,3.13926,17827.9,11885.2,26741.8,84326.8,56217.9,126490,0.000254092,0.000169394,0.000381137,85634.5,57089.6,128452,0.000258032,0.000172021,0.000387048
2020-03-03,145,14,606,,20.7143,2,86.5714,0.241265,0.239274,41.8357,27.8905,62.7536,3.10218,22313.6,14875.7,33470.4,105942,70627.7,158912,0.000319221,0.000212814,0.000478831,107948,71965.4,161922,0.000325267,0.000216844,0.0004879
2020-03-04,279,16,1614,,39.8571,2.28571,230.693,0.173615,0.172771,27.0649,18.0433,40.5974,3.07446,27843.8,18562.5,41765.7,132919,88612.5,199378,0.000400508,0.000267005,0.000600761,135792,90527.9,203688,0.000409165,0.000272777,0.000613747
2020-03-05,367,20,2174,,52.4286,2.85714,310.711,0.170302,0.168737,25.872,17.248,38.808,3.04321,34961.2,23307.5,52441.8,166801,111201,250202,0.000502602,0.000335068,0.000753902,170753,113835,256130,0.000514509,0.000343006,0.000771764
2020-03-06,497,26,3011,,71,3.71429,430.373,0.166332,0.164973,23.9649,15.9766,35.9474,3.00036,43976.2,29317.5,65964.3,209421,139614,314131,0.000631022,0.000420682,0.000946534,214729,143153,322094,0.000647017,0.000431345,0.000970526
2020-03-07,631,27,3868,,87.5714,3.14286,546.877,0.161741,0.16013,24.6939,16.4626,37.0409,2.93752,53979.1,35986.1,80968.7,261699,174466,392548,0.000788544,0.000525696,0.00118282,268708,179139,403063,0.000809666,0.000539777,0.0012145
2020-03-08,827,31,11487,,111,3.28571,1622.73,0.068755,0.0684032,24.6856,16.4571,37.0284,2.85485,65016.8,43344.5,97525.2,324553,216369,486829,0.000977935,0.000651957,0.0014669,333725,222483,500588,0.00100557,0.000670382,0.00150836
2020-03-09,1112,35,13574,,145.429,3.42857,1891.88,0.0768998,0.07687,24.3147,16.2098,36.4721,2.74472,77785.7,51857.1,116679,399599,266399,599398,0.00120406,0.000802707,0.00180609,411511,274341,617266,0.00123995,0.000826637,0.00185993
2020-03-10,1551,37,16640,,200.857,3.28571,2291.62,0.0876887,0.0876484,22.602,15.068,33.9029,2.61001,92114.2,61409.4,138171,488177,325451,732265,0.00147096,0.000980641,0.00220644,503625,335750,755438,0.00151751,0.00101167,0.00227627
2020-03-11,2053,43,20962,,253.429,3.57143,2765.95,0.092022,0.0916245,22.7398,15.1599,34.1097,2.46677,107868,71911.8,161801,591505,394336,887257,0.00178231,0.0011882,0.00267346,611493,407662,917239,0.00184254,0.00122836,0.0027638
2020-03-12,2796,51,28268,,347,3.57143,3731.57,0.0937983,0.0929903,20.9144,13.943,31.3717,2.32459,124036,82690.4,186053,709777,473185,1.06467e+06,0.00213868,0.00142579,0.00320803,735528,490352,1.10329e+06,0.00221628,0.00147752,0.00332441
2020-03-13,3745,56,37239,,464,3.14286,4896.12,0.0958253,0.094769,19.7942,13.1961,29.6913,2.18456,139749,93166.2,209624,842269,561513,1.2634e+06,0.00253791,0.00169194,0.00380686,875278,583518,1.31292e+06,0.00263737,0.00175824,0.00395605
2020-03-14,4727,64,45741,,585.143,3.57143,5994.35,0.0990616,0.0976158,19.4699,12.9799,29.2048,2.0553,157523,105016,236285,990608,660405,1.48591e+06,0.00298488,0.00198992,0.00447731,1.0328e+06,688534,1.5492e+06,0.00311201,0.00207467,0.00466802
2020-03-15,5915,79,54846,,726.857,4.14286,6210.68,0.119283,0.117033,19.565,13.0434,29.3476,1.9426,176721,117814,265081,1.15594e+06,770624,1.7339e+06,0.00348304,0.00232203,0.00522456,1.20952e+06,806348,1.81428e+06,0.0036445,0.00242967,0.00546675
2020-03-16,7772,100,79057,,951.429,5.28571,9383.83,0.103294,0.10139,18.738,12.492,28.107,1.84009,195608,130406,293413,1.33732e+06,891549,2.00599e+06,0.00402959,0.00268639,0.00604439,1.40513e+06,936753,2.1077e+06,0.0042339,0.0028226,0.00635086
2020-03-17,10021,124,102542,325,1210,6.57143,12311.4,0.100315,0.0982827,18.441,12.294,27.6615,1.74689,214577,143051,321865,1.53407e+06,1.02271e+06,2.30111e+06,0.00462243,0.00308162,0.00693365,1.61971e+06,1.0798e+06,2.42956e+06,0.00488046,0.00325364,0.00732069
2020-03-18,13385,155,129956,416,1618.86,7.85714,15622.3,0.103969,0.103625,17.1997,11.4664,25.7995,1.65988,232536,155024,348804,1.74429e+06,1.16286e+06,2.61644e+06,0.00525587,0.00350391,0.0078838,1.85224e+06,1.23483e+06,2.77836e+06,0.00558113,0.00372076,0.0083717
2020-03-19,18085,203,162906,617,2184.14,11.8571,19295.4,0.113556,0.113195,16.0068,10.6712,24.0103,1.57647,248937,165958,373405,1.96539e+06,1.31026e+06,2.94808e+06,0.00592206,0.00394804,0.00888309,2.10118e+06,1.40079e+06,3.15177e+06,0.00633122,0.00422082,0.00949684
2020-03-20,24197,273,206142,1042,2921.71,16.2857,24231.8,0.121087,0.120573,15.0515,10.0343,22.5773,1.49813,264551,176367,396826,2.19498e+06,1.46332e+06,3.29247e+06,0.00661385,0.00440924,0.00992078,2.36573e+06,1.57715e+06,3.5486e+06,0.00712836,0.00475224,0.0106925
2020-03-21,31013,335,255658,1492,3755.14,20.1429,30133.1,0.125221,0.124619,14.3747,9.58315,21.5621,1.42239,276983,184656,415475,2.42798e+06,1.61866e+06,3.64198e+06,0.00731594,0.0048773,0.0109739,2.64271e+06,1.76181e+06,3.96407e+06,0.00796296,0.00530864,0.0119444
2020-03-22,40167,481,305519,2173,4893.14,43.7143,36024.4,0.13664,0.135829,13.2873,8.85822,19.931,1.34718,286388,190925,429582,2.66039e+06,1.7736e+06,3.99059e+06,0.00801623,0.00534416,0.0120243,2.9291e+06,1.95273e+06,4.39365e+06,0.0088259,0.00588393,0.0132388
2020-03-23,51602,582,363756,2812,6261.43,48.1429,40943.8,0.153952,0.152927,12.423,8.282,18.6345,1.27738,294154,196102,441230,2.88953e+06,1.92635e+06,4.33429e+06,0.00870666,0.00580444,0.01306,3.22325e+06,2.14884e+06,4.83488e+06,0.00971224,0.00647482,0.0145684
2020-03-24,62351,820,435481,3938,7475.71,86.1429,47941.6,0.157628,0.155934,12.3218,8.21452,18.4827,1.2139,298677,199118,448016,3.11042e+06,2.07361e+06,4.66563e+06,0.00937225,0.00624817,0.0140584,3.52193e+06,2.34795e+06,5.2829e+06,0.0106122,0.0070748,0.0159183
2020-03-25,75242,1058,524577,5140,8836.71,119.714,56799.3,0.157579,0.155578,12.2068,8.13784,18.3101,1.15663,300912,200608,451369,3.31922e+06,2.21281e+06,4.97883e+06,0.0100014,0.0066676,0.0150021,3.82284e+06,2.54856e+06,5.73427e+06,0.0115189,0.00767927,0.0172784
2020-03-26,92976,1374,632999,7805,10698.7,159.857,67634.5,0.161168,0.158184,11.5935,7.729,17.3902,1.10704,302387,201591,453580,3.51374e+06,2.34249e+06,5.27061e+06,0.0105875,0.00705834,0.0158813,4.12523e+06,2.75015e+06,6.18785e+06,0.01243,0.0082867,0.0186451
2020-03-27,112220,1782,735114,10978,12574.7,211.857,76042.1,0.168712,0.165365,11.1135,7.40901,16.6703,1.06365,301483,200988,452224,3.69119e+06,2.46079e+06,5.53678e+06,0.0111222,0.0074148,0.0166833,4.42671e+06,2.95114e+06,6.64007e+06,0.0133385,0.00889231,0.0200077
2020-03-28,131826,2333,835570,12409,14401.9,281.429,83223.8,0.176989,0.17305,10.9377,7.29181,16.4066,1.026,298589,199059,447884,3.85003e+06,2.56668e+06,5.77504e+06,0.0116008,0.00773387,0.0174012,4.7253e+06,3.1502e+06,7.08795e+06,0.0142382,0.00949211,0.0213573
2020-03-29,151270,2837,919122,14055,15871.9,333.429,87973.4,0.184561,0.180416,11.1342,7.42281,16.7013,0.994361,294953,196635,442429,3.98745e+06,2.6583e+06,5.98118e+06,0.0120149,0.00800994,0.0180224,5.02026e+06,3.34684e+06,7.53038e+06,0.0151269,0.0100846,0.0226904
2020-03-30,172740,3425,1035705,15917,17305.4,402.714,96220,0.183892,0.179853,11.3033,7.53553,16.9549,0.966811,289264,192843,433897,4.1e+06,2.73333e+06,6.15e+06,0.012354,0.00823601,0.018531,5.30952e+06,3.53968e+06,7.96428e+06,0.0159985,0.0106657,0.0239978
2020-03-31,197924,4332,1150334,18155,19367.6,498.286,102197,0.189652,0.189513,11.0792,7.38612,16.6188,0.943091,283108,188738,424662,4.1875e+06,2.79167e+06,6.28125e+06,0.0126177,0.00841178,0.0189265,5.59263e+06,3.72842e+06,8.38894e+06,0.0168516,0.0112344,0.0252774
2020-04-01,224040,5336,1262831,20906,21256.9,607.857,105422,0.201554,0.201636,10.9393,7.29289,16.409,0.924506,276146,184097,414219,4.24907e+06,2.83271e+06,6.3736e+06,0.0128032,0.00853546,0.0192048,5.86877e+06,3.91252e+06,8.80316e+06,0.0176837,0.0117891,0.0265255
2020-04-02,252085,6514,1385742,22997,22729.9,730.571,107448,0.211372,0.211543,10.952,7.30131,16.428,0.90951,268390,178927,402585,4.28492e+06,2.85661e+06,6.42738e+06,0.0129112,0.00860748,0.0193668,6.13716e+06,4.09144e+06,9.20575e+06,0.0184924,0.0123282,0.0277385
2020-04-03,283923,7799,1521117,25777,24529,856.429,112275,0.218451,0.218472,10.7852,7.19015,16.1778,0.898602,261526,174351,392289,4.29751e+06,2.86501e+06,6.44627e+06,0.0129492,0.00863277,0.0194237,6.39869e+06,4.26579e+06,9.59804e+06,0.0192804,0.0128536,0.0289206
2020-04-04,316808,9280,1749361,30268,26426,989.429,130664,0.202434,0.202244,10.4815,6.98765,15.7222,0.892233,255994,170663,383992,4.28895e+06,2.8593e+06,6.43343e+06,0.0129234,0.00861558,0.0193851,6.65468e+06,4.43646e+06,9.98203e+06,0.0200517,0.0133678,0.0300776
2020-04-05,342463,10619,1871587,32180,27313.3,1110.86,136267,0.200735,0.20044,10.4853,6.99019,15.7279,0.890467,249859,166572,374788,4.26183e+06,2.84122e+06,6.39274e+06,0.0128416,0.0085611,0.0192625,6.90454e+06,4.60303e+06,1.03568e+07,0.0208046,0.0138697,0.0312069
2020-04-06,370872,11932,2022864,36159,28304.6,1214.43,141312,0.200709,0.200298,10.3924,6.92829,15.5887,0.892147,244371,162914,366557,4.21981e+06,2.81321e+06,6.32972e+06,0.012715,0.00847669,0.0190726,7.14891e+06,4.76594e+06,1.07234e+07,0.0215409,0.0143606,0.0323114
2020-04-07,401573,13976,2177575,43849,29092.7,1376.57,147172,0.198249,0.197678,10.2664,6.84426,15.3996,0.896332,239314,159543,358971,4.16497e+06,2.77665e+06,6.24746e+06,0.0125498,0.00836653,0.0188247,7.38823e+06,4.92549e+06,1.10823e+07,0.022262,0.0148414,0.0333931
2020-04-08,432490,15973,2335941,45515,29778.6,1519.14,153926,0.194248,0.19346,10.105,6.73667,15.1575,0.900912,236314,157543,354471,4.10261e+06,2.73507e+06,6.15392e+06,0.0123619,0.00824126,0.0185428,7.62454e+06,5.08303e+06,1.14368e+07,0.0229741,0.0153161,0.0344611
2020-04-09,467580,18035,2510346,51313,30785,1645.71,161370,0.191619,0.190773,9.82253,6.54835,14.7338,0.905864,233114,155410,349672,4.03481e+06,2.68988e+06,6.05222e+06,0.0121576,0.00810507,0.0182364,7.85766e+06,5.23844e+06,1.17865e+07,0.0236765,0.0157843,0.0355148
2020-04-10,501069,20107,2664904,53167,31020.9,1758.14,164074,0.189848,0.189066,9.71871,6.47914,14.5781,0.909129,228862,152575,343293,3.96129e+06,2.64086e+06,5.94193e+06,0.0119361,0.00795737,0.0179041,8.08652e+06,5.39101e+06,1.21298e+07,0.0243661,0.0162441,0.0365492
2020-04-11,532174,22186,2806315,55557,30766.6,1843.57,151730,0.203761,0.202772,9.70499,6.46999,14.5575,0.910032,224098,149399,336147,3.8839e+06,2.58927e+06,5.82586e+06,0.0117029,0.00780192,0.0175543,8.31062e+06,5.54041e+06,1.24659e+07,0.0250414,0.0166942,0.037562
2020-04-12,560175,23886,2945780,55449,31101.7,1895.29,154280,0.202675,0.201593,9.48349,6.32233,14.2252,0.907033,219504,146336,329256,3.80482e+06,2.53655e+06,5.70723e+06,0.0114646,0.00764306,0.0171969,8.53012e+06,5.68675e+06,1.27952e+07,0.0257028,0.0171352,0.0385541
2020-04-13,584573,25516,3076587,56237,30528.7,1940.57,151565,0.202806,0.201423,9.47516,6.31677,14.2127,0.901183,214525,143016,321787,3.72439e+06,2.48293e+06,5.58658e+06,0.0112222,0.0074815,0.0168334,8.74465e+06,5.82976e+06,1.3117e+07,0.0263492,0.0175661,0.0395237
2020-04-14,610651,27869,3237652,59600,29868.3,1984.71,152538,0.197229,0.195809,9.47854,6.31903,14.2178,0.893235,209332,139555,313998,3.64446e+06,2.42964e+06,5.46669e+06,0.0109814,0.00732093,0.0164721,8.95398e+06,5.96932e+06,1.3431e+07,0.0269799,0.0179866,0.0404699
2020-04-15,640510,30415,3384178,59924,29717.1,2063.14,150948,0.198447,0.19687,9.29248,6.19498,13.9387,0.883991,201995,134663,302992,3.56334e+06,2.37556e+06,5.34502e+06,0.010737,0.00715799,0.0161055,9.15597e+06,6.10398e+06,1.3734e+07,0.0275886,0.0183924,0.0413828
2020-04-16,672087,32612,3560408,59498,29215.3,2082.43,151407,0.194757,0.192959,9.18664,6.12443,13.78,0.873957,194892,129928,292337,3.48209e+06,2.32139e+06,5.22314e+06,0.0104922,0.00699477,0.0157382,9.35086e+06,6.23391e+06,1.40263e+07,0.0281758,0.0187839,0.0422637
2020-04-17,704069,34730,3724492,58886,29000,2089,152983,0.191584,0.189563,9.01815,6.0121,13.5272,0.865932,188847,125898,283270,3.40255e+06,2.26836e+06,5.10382e+06,0.0102525,0.00683498,0.0153787,9.53971e+06,6.35981e+06,1.43096e+07,0.0287448,0.0191632,0.0431172
2020-04-18,731895,36621,3881480,57788,28531.6,2062.14,155422,0.185758,0.183574,8.97232,5.98155,13.4585,0.859529,182847,121898,274270,3.32387e+06,2.21591e+06,4.9858e+06,0.0100154,0.00667693,0.0150231,9.72256e+06,6.48171e+06,1.45838e+07,0.0292958,0.0195305,0.0439437
2020-04-19,759174,38384,4032917,56497,28428.4,2071.14,157257,0.183049,0.180777,8.78904,5.85936,13.1836,0.855309,177300,118200,265951,3.24517e+06,2.16345e+06,4.86776e+06,0.00977828,0.00651885,0.0146674,9.89986e+06,6.59991e+06,1.48498e+07,0.02983,0.0198867,0.044745
2020-04-20,785279,40199,4180786,56734,28672.3,2097.57,159708,0.181766,0.17953,8.5229,5.68193,12.7844,0.852759,172022,114682,258033,3.16734e+06,2.11156e+06,4.75101e+06,0.00954374,0.0063625,0.0143156,1.00719e+07,6.71459e+06,1.51078e+07,0.0303484,0.0202322,0.0455225
2020-04-21,811492,42680,4346793,59773,28691.6,2115.86,160590,0.181078,0.178663,8.34092,5.56061,12.5114,0.849961,166274,110850,249411,3.08924e+06,2.05949e+06,4.63386e+06,0.00930843,0.00620562,0.0139626,1.02382e+07,6.82544e+06,1.53572e+07,0.0308494,0.0205662,0.046274
2020-04-22,840628,44762,4685413,59212,28588.3,2049.57,188104,0.153791,0.151981,8.26612,5.51074,12.3992,0.846901,161098,107399,241648,3.01102e+06,2.00735e+06,4.51654e+06,0.00907275,0.0060485,0.0136091,1.03993e+07,6.93284e+06,1.55989e+07,0.0313348,0.0208899,0.0470022
2020-04-23,872598,46576,4893688,59216,28644.4,1994.86,192790,0.150389,0.148579,8.13821,5.42548,12.2073,0.843284,155752,103835,233629,2.93046e+06,1.95364e+06,4.39569e+06,0.00883,0.00588667,0.013245,1.0555e+07,7.03667e+06,1.58325e+07,0.0318041,0.0212027,0.0477061
2020-04-24,906872,48548,5135059,57324,28971.9,1974,203992,0.143774,0.142025,7.89946,5.26631,11.8492,0.837519,149065,99376.5,223597,2.84641e+06,1.89761e+06,4.26962e+06,0.00857674,0.00571783,0.0128651,1.07041e+07,7.13605e+06,1.60561e+07,0.0322533,0.0215022,0.0483799
2020-04-25,942523,50175,5409287,57343,30089.7,1936.29,221144,0.137863,0.136064,7.44767,4.96511,11.1715,0.830633,142936,95290.7,214404,2.76049e+06,1.84032e+06,4.14073e+06,0.00831783,0.00554522,0.0124768,1.0847e+07,7.23134e+06,1.62705e+07,0.0326839,0.0217893,0.0490259
2020-04-26,969581,51397,5615588,56149,30058.1,1859,229217,0.132944,0.131134,7.30264,4.86842,10.954,0.824272,136621,91080.4,204931,2.67301e+06,1.78201e+06,4.00951e+06,0.00805425,0.0053695,0.0120814,1.09836e+07,7.32242e+06,1.64754e+07,0.0330956,0.0220637,0.0496434
2020-04-27,992176,52684,5815409,56183,29556.7,1783.57,236877,0.126572,0.124777,7.25807,4.83871,10.8871,0.818797,130694,87129,196040,2.5842e+06,1.7228e+06,3.8763e+06,0.00778665,0.0051911,0.01168,1.11143e+07,7.40955e+06,1.66715e+07,0.0334894,0.0223263,0.0502341
2020-04-28,1017548,54761,6025334,56034,29436.6,1725.86,243362,0.122759,0.120958,7.1113,4.74087,10.667,0.817959,125375,83583.1,188062,2.49505e+06,1.66337e+06,3.74257e+06,0.00751802,0.00501202,0.011277,1.12397e+07,7.49313e+06,1.68595e+07,0.0338672,0.0225781,0.0508008
2020-04-29,1043774,57446,6276557,55987,29020.9,1812,231328,0.127673,0.125453,6.96033,4.64022,10.4405,0.821433,120525,80350,180787,2.40624e+06,1.60416e+06,3.60936e+06,0.00725043,0.00483362,0.0108756,1.13602e+07,7.57348e+06,1.70403e+07,0.0342303,0.0228202,0.0513455
2020-04-30,1073745,59599,6543124,54921,28735.3,1860.43,239975,0.121949,0.119743,6.78231,4.52154,10.1735,0.829305,116277,77518.1,174416,2.32052e+06,1.54702e+06,3.48079e+06,0.00699215,0.00466143,0.0104882,1.14765e+07,7.651e+06,1.72147e+07,0.0345807,0.0230538,0.0518711
2020-05-01,1106547,61407,6826283,54862,28525,1837,246250,0.118065,0.115838,6.62039,4.41359,9.93059,0.841663,114062,76041.6,171094,2.2397e+06,1.49313e+06,3.35954e+06,0.0067486,0.00449906,0.0101229,1.15906e+07,7.72704e+06,1.73858e+07,0.0349244,0.0232829,0.0523866
2020-05-02,1135581,62938,7096344,54009,27579.7,1823.29,245525,0.114435,0.11233,6.62975,4.41983,9.94462,0.857914,111773,74515.6,167660,2.16262e+06,1.44175e+06,3.24393e+06,0.00651636,0.00434424,0.00977454,1.17023e+07,7.80156e+06,1.75535e+07,0.0352612,0.0235075,0.0528918
2020-05-03,1161121,64181,7325272,52619,27362.9,1826.29,248892,0.112032,0.109939,6.4796,4.31974,9.7194,0.874605,109924,73282.5,164886,2.0897e+06,1.39313e+06,3.13455e+06,0.00629663,0.00419775,0.00944495,1.18123e+07,7.87484e+06,1.77184e+07,0.0355924,0.0237283,0.0533886
2020-05-04,1183622,65209,7564174,52377,27349.4,1789.29,254679,0.109475,0.107388,6.28979,4.1932,9.43469,0.891848,108203,72135.6,162305,2.0206e+06,1.34707e+06,3.0309e+06,0.00608843,0.00405895,0.00913265,1.19205e+07,7.94697e+06,1.78807e+07,0.0359184,0.0239456,0.0538777
2020-05-05,1206134,67703,7838011,53176,26940.9,1848.86,263927,0.104037,0.102077,6.17183,4.11455,9.25774,0.90584,106826,71217.6,160240,1.95541e+06,1.3036e+06,2.93311e+06,0.00589198,0.00392799,0.00883797,1.20273e+07,8.01819e+06,1.80409e+07,0.0362403,0.0241602,0.0543605
2020-05-06,1231277,69619,8115294,52581,26786.1,1739,268900,0.101974,0.0996137,6.01425,4.0095,9.02137,0.916406,105551,70367,158326,1.89468e+06,1.26312e+06,2.84202e+06,0.00570901,0.00380601,0.00856352,1.21328e+07,8.08856e+06,1.81993e+07,0.0365584,0.0243723,0.0548376
2020-05-07,1258504,72371,8431356,51425,26394.1,1824.57,276052,0.0978476,0.0956131,5.90102,3.93401,8.85153,0.922833,104417,69611.7,156626,1.838e+06,1.22533e+06,2.757e+06,0.00553822,0.00369215,0.00830733,1.22373e+07,8.15817e+06,1.83559e+07,0.036873,0.024582,0.0553095
2020-05-08,1285663,74152,8736489,49758,25588,1820.71,279795,0.0937679,0.0914527,5.82557,3.88372,8.73836,0.924649,102541,68360.4,153811,1.78479e+06,1.18986e+06,2.67718e+06,0.00537789,0.00358526,0.00806683,1.23398e+07,8.22653e+06,1.85097e+07,0.037182,0.024788,0.055773
2020-05-09,1310843,75608,9043301,48561,25037.4,1810,285250,0.0900184,0.0877737,5.70889,3.80593,8.56334,0.921679,100541,67027.6,150812,1.73627e+06,1.15751e+06,2.6044e+06,0.00523168,0.00348778,0.00784751,1.24403e+07,8.29356e+06,1.86605e+07,0.0374849,0.02499,0.0562274
2020-05-10,1331733,76640,9306519,46760,24373.1,1779.86,290271,0.0861134,0.0839669,5.60537,3.73691,8.40806,0.917294,98467.8,65645.2,147702,1.6918e+06,1.12787e+06,2.5377e+06,0.00509769,0.00339846,0.00764653,1.25388e+07,8.3592e+06,1.88082e+07,0.0377816,0.0251878,0.0566724
2020-05-11,1350031,77534,9695381,46550,23772.7,1760.71,311796,0.078082,0.0762444,5.49763,3.66509,8.24644,0.911684,96101.8,64067.9,144153,1.65128e+06,1.10085e+06,2.47692e+06,0.0049756,0.00331706,0.00746339,1.26349e+07,8.42327e+06,1.89524e+07,0.0380712,0.0253808,0.0571068
2020-05-12,1372589,79040,10020213,47344,23779.3,1619.57,319249,0.0762785,0.074485,5.27243,3.51495,7.90865,0.906775,93759.1,62506,140639,1.61434e+06,1.07623e+06,2.42152e+06,0.00486431,0.00324287,0.00729646,1.27287e+07,8.48578e+06,1.9093e+07,0.0383537,0.0255691,0.0575306
2020-05-13,1394217,80774,10354788,46918,23277.1,1593.57,326902,0.0727575,0.0712052,5.17782,3.45188,7.76674,0.904425,91741.2,61160.8,137612,1.58071e+06,1.05381e+06,2.37107e+06,0.00476296,0.00317531,0.00714444,1.28204e+07,8.54694e+06,1.92306e+07,0.0386301,0.0257534,0.0579452
2020-05-14,1420930,82626,10738240,45924,23203.7,1465,337002,0.0704093,0.0688533,5.01115,3.34076,7.51672,0.90568,89976.7,59984.5,134965,1.55016e+06,1.03344e+06,2.32524e+06,0.00467091,0.00311394,0.00700637,1.29104e+07,8.60692e+06,1.93656e+07,0.0389013,0.0259342,0.0583519
2020-05-15,1446352,83889,11143784,44551,22955.6,1391,351202,0.0667509,0.0653629,4.96883,3.31255,7.45325,0.911042,88470.6,58980.4,132706,1.52236e+06,1.0149e+06,2.28353e+06,0.00458713,0.00305809,0.00688069,1.29989e+07,8.6659e+06,1.94983e+07,0.0391678,0.0261119,0.0587518
2020-05-16,1469938,85084,11513703,43507,22727.9,1353.71,360263,0.0644004,0.0630868,4.9179,3.2786,7.37685,0.92023,87715.5,58477,131573,1.49601e+06,997340,2.24401e+06,0.00450774,0.00300516,0.00676161,1.30866e+07,8.72438e+06,1.96299e+07,0.0394321,0.0262881,0.0591482
2020-05-17,1490090,85934,11857580,42022,22622.4,1327.71,371081,0.062075,0.0609636,4.85906,3.23937,7.28859,0.931228,87246.5,58164.3,130870,1.47148e+06,980989,2.20722e+06,0.00443384,0.00295589,0.00665076,1.31738e+07,8.78254e+06,1.97607e+07,0.039695,0.0264634,0.0595425
2020-05-18,1510934,86823,12221954,41921,22986.1,1327,367341,0.0636843,0.0625744,4.70733,3.13822,7.061,0.941842,86972.1,57981.4,130458,1.44853e+06,965687,2.1728e+06,0.00436468,0.00290979,0.00654702,1.32608e+07,8.84053e+06,1.98912e+07,0.0399571,0.0266381,0.0599356
2020-05-19,1531816,88155,12618968,42023,22746.7,1302.14,377371,0.0612705,0.0602768,4.69634,3.13089,7.04451,0.951374,86579.7,57719.8,129869,1.42691e+06,951272,2.14036e+06,0.00429952,0.00286635,0.00644929,1.33474e+07,8.89825e+06,2.00211e+07,0.040218,0.026812,0.060327
2020-05-20,1553075,89545,13057718,41871,22694,1253,390664,0.0587725,0.0580909,4.65103,3.10069,6.97655,0.956922,85964.1,57309.4,128946,1.40605e+06,937363,2.10907e+06,0.00423666,0.00282444,0.00635499,1.34333e+07,8.95555e+06,2.015e+07,0.040477,0.0269847,0.0607155
2020-05-21,1579817,90972,13553065,41347,22698.1,1192.29,406220,0.0564465,0.0558764,4.60027,3.06684,6.9004,0.958295,85015.6,56677.1,127523,1.38551e+06,923674,2.07827e+06,0.00417479,0.00278319,0.00626218,1.35183e+07,9.01223e+06,2.02775e+07,0.0407332,0.0271554,0.0610997
2020-05-22,1603990,92275,13961940,40014,22519.7,1198,406505,0.0559366,0.0553983,4.55337,3.03558,6.83005,0.956697,84209.8,56139.9,126315,1.3653e+06,910202,2.04795e+06,0.0041139,0.0027426,0.00617085,1.36026e+07,9.06837e+06,2.04038e+07,0.0409869,0.0273246,0.0614804
2020-05-23,1626355,93310,14382183,38581,22345.3,1175.14,413633,0.0545296,0.054022,4.49944,2.99963,6.74917,0.953595,82760.1,55173.4,124140,1.34552e+06,897015,2.01828e+06,0.0040543,0.00270286,0.00608144,1.36853e+07,9.12354e+06,2.0528e+07,0.0412363,0.0274908,0.0618544
2020-05-24,1645215,93994,14738778,37757,22252.1,1151.43,417100,0.0540626,0.0533497,4.42509,2.95006,6.63764,0.950512,81398,54265.3,122097,1.32638e+06,884252,1.98957e+06,0.00399661,0.00266441,0.00599492,1.37667e+07,9.17781e+06,2.06501e+07,0.0414815,0.0276544,0.0622223
2020-05-25,1663746,94548,15162218,37711,21921.7,1103.57,426269,0.0521899,0.051427,4.38386,2.92258,6.5758,0.951014,80533.7,53689.1,120801,1.30844e+06,872296,1.96267e+06,0.00394257,0.00262838,0.00591386,1.38472e+07,9.2315e+06,2.07709e+07,0.0417242,0.0278161,0.0625863
2020-05-26,1680724,95220,15476446,37775,21364,1009.29,414960,0.0523357,0.0514845,4.38865,2.92577,6.58297,0.955403,79960.1,53306.7,119940,1.2923e+06,861535,1.93845e+06,0.00389394,0.00259596,0.0058409,1.39272e+07,9.28481e+06,2.08908e+07,0.0419651,0.0279768,0.0629477
2020-05-27,1700135,96536,15890650,38297,21100,998.714,412481,0.0521368,0.0511539,4.34793,2.89862,6.52189,0.965982,80006.2,53337.5,120009,1.27855e+06,852367,1.91783e+06,0.0038525,0.00256833,0.00577874,1.40072e+07,9.33814e+06,2.10108e+07,0.0422062,0.0281375,0.0633093
2020-05-28,1722794,97778,16356076,38003,20516.7,972.286,408012,0.0512367,0.0502846,4.38553,2.92369,6.5783,0.982234,80504.1,53669.4,120756,1.26731e+06,844875,1.90097e+06,0.00381864,0.00254576,0.00572796,1.40877e+07,9.39181e+06,2.11316e+07,0.0424488,0.0282992,0.0636732
2020-05-29,1746382,98947,16869163,36948,20433.1,953.143,423264,0.0491988,0.0482752,4.32976,2.88651,6.49464,1.00238,81065.3,54043.5,121598,1.2584e+06,838934,1.8876e+06,0.00379179,0.00252786,0.00568768,1.41688e+07,9.44586e+06,2.12532e+07,0.042693,0.028462,0.0640396
2020-05-30,1769819,99865,17312502,35735,20586.3,936.429,426509,0.0491769,0.048267,4.26087,2.84058,6.39131,1.026,82597.4,55064.9,123896,1.25253e+06,835019,1.87879e+06,0.00377409,0.00251606,0.00566113,1.42514e+07,9.50092e+06,2.13771e+07,0.0429419,0.028628,0.0644129
2020-05-31,1791211,100516,17734174,34911,20856.6,931.714,434411,0.0487401,0.0480112,4.18317,2.78878,6.27475,1.05257,84270.9,56180.6,126406,1.24908e+06,832722,1.87363e+06,0.00376371,0.00250914,0.00564556,1.43357e+07,9.5571e+06,2.15035e+07,0.0431958,0.0287972,0.0647938
2020-06-01,1811573,101187,18147077,34316,20616.1,948.429,431381,0.0483483,0.047791,4.21864,2.81243,6.32796,1.07916,86233.9,57489.3,129351,1.24807e+06,832047,1.87211e+06,0.00376066,0.00250711,0.00564099,1.44219e+07,9.61459e+06,2.16328e+07,0.0434557,0.0289705,0.0651835
2020-06-02,1831728,102187,18587668,33950,21070,995.286,448685,0.0474058,0.0469594,4.10914,2.73943,6.16372,1.10665,89030.2,59353.5,133545,1.25013e+06,833419,1.87519e+06,0.00376686,0.00251124,0.00565029,1.45109e+07,9.67394e+06,2.17664e+07,0.043724,0.0291493,0.0655859
2020-06-03,1851883,103167,19059086,33237,21176.3,947.286,456162,0.0467846,0.0464227,4.05945,2.7063,6.08918,1.13358,92094,61396,138141,1.25564e+06,837096,1.88347e+06,0.00378347,0.00252232,0.00567521,1.4603e+07,9.73534e+06,2.19045e+07,0.0440014,0.0293343,0.0660022
2020-06-04,1872266,104031,19553602,32814,20851.1,893.286,460495,0.0456472,0.0452798,4.07727,2.71818,6.1159,1.16042,95721.9,63814.6,143583,1.2654e+06,843601,1.8981e+06,0.00381288,0.00254192,0.00571932,1.46987e+07,9.79916e+06,2.20481e+07,0.0442899,0.0295266,0.0664348
2020-06-05,1895332,104875,20142787,32499,20776.6,846.857,471470,0.0444266,0.0440676,4.05311,2.70208,6.07967,1.1881,100138,66758.6,150207,1.28052e+06,853682,1.92079e+06,0.00385844,0.0025723,0.00578766,1.47989e+07,9.86591e+06,2.21983e+07,0.0445916,0.0297277,0.0668874
2020-06-06,1917890,105586,20701053,31994,20651,817.286,488441,0.0426604,0.0422794,4.00756,2.67171,6.01134,1.21519,104704,69802.5,157056,1.30102e+06,867345,1.95153e+06,0.00392019,0.00261346,0.00588029,1.49036e+07,9.93572e+06,2.23554e+07,0.0449071,0.0299381,0.0673606
2020-06-07,1936708,106032,21125612,31490,20283.3,788,490594,0.0418651,0.0413444,4.01306,2.67537,6.01959,1.24022,110557,73704.5,165835,1.32881e+06,885876,1.99322e+06,0.00400395,0.0026693,0.00600593,1.50141e+07,1.00094e+07,2.25212e+07,0.0452402,0.0301601,0.0678603
2020-06-08,1953938,106708,21535762,31121,20337.9,788.714,492014,0.0420119,0.0413359,3.95979,2.63986,5.93969,1.26437,117106,78070.7,175659,1.36452e+06,909681,2.04678e+06,0.00411155,0.00274103,0.00616732,1.51312e+07,1.00875e+07,2.26969e+07,0.0455931,0.0303954,0.0683896
2020-06-09,1971089,107609,21980256,31187,19908.7,774.571,494044,0.0410781,0.0402975,4.01634,2.67756,6.02451,1.28454,124014,82676.1,186021,1.408e+06,938668,2.112e+06,0.00424256,0.00282837,0.00636384,1.52553e+07,1.01702e+07,2.28829e+07,0.0459668,0.0306445,0.0689501
2020-06-10,1991816,108493,22428294,30952,19990.4,760.857,492395,0.0415329,0.0405983,4.00223,2.66815,6.00334,1.30071,131302,87534.6,196953,1.45934e+06,972896,2.18902e+06,0.00439726,0.00293151,0.00659589,1.53866e+07,1.02577e+07,2.30798e+07,0.0463624,0.0309083,0.0695436
2020-06-11,2013887,109392,22907335,29844,20231.6,765.857,494439,0.0422279,0.0409182,3.97913,2.65275,5.9687,1.31156,139040,92693.4,208560,1.51838e+06,1.01225e+06,2.27757e+06,0.00457514,0.00305009,0.00686271,1.55256e+07,1.03504e+07,2.32884e+07,0.0467814,0.0311876,0.070172
2020-06-12,2036983,110155,23503439,29309,20235.9,754.286,496067,0.0421499,0.0407926,4.00602,2.67068,6.00903,1.31654,146985,97990.1,220478,1.58486e+06,1.05657e+06,2.37729e+06,0.00477546,0.00318364,0.00716319,1.56726e+07,1.04484e+07,2.35089e+07,0.0472242,0.0314828,0.0708364
2020-06-13,2062228,110845,24027043,28578,20619.7,751.286,491477,0.043397,0.0419546,4.00575,2.6705,6.00862,1.31608,155446,103631,233169,1.65924e+06,1.10616e+06,2.48886e+06,0.00499958,0.00333306,0.00749937,1.5828e+07,1.0552e+07,2.3742e+07,0.0476926,0.0317951,0.0715389
2020-06-14,2083561,111200,24508873,28020,20979,738.286,499157,0.0434058,0.0420288,4.01692,2.67795,6.02538,1.3113,163414,108942,245120,1.74006e+06,1.16004e+06,2.61008e+06,0.0052431,0.0034954,0.00786464,1.59914e+07,1.0661e+07,2.39872e+07,0.048185,0.0321233,0.0722775
2020-06-15,2102215,111606,24955766,28026,21182.4,699.714,504692,0.0433558,0.041971,4.07101,2.71401,6.10652,1.30072,171543,114362,257314,1.82733e+06,1.21822e+06,2.74099e+06,0.00550606,0.00367071,0.00825909,1.6163e+07,1.07753e+07,2.42445e+07,0.0487019,0.0324679,0.0730529
2020-06-16,2125483,112312,25439807,28386,22056.3,671.857,510316,0.0446283,0.0432208,4.0365,2.691,6.05475,1.28634,179686,119790,269528,1.92078e+06,1.28052e+06,2.88117e+06,0.00578765,0.00385843,0.00868147,1.63427e+07,1.08951e+07,2.4514e+07,0.0492433,0.0328289,0.073865
2020-06-17,2149389,113106,25962250,28664,22510.4,659,521336,0.0445883,0.0431784,4.09117,2.72745,6.13675,1.26812,187809,125206,281713,2.01956e+06,1.34637e+06,3.02934e+06,0.00608528,0.00405686,0.00912793,1.65305e+07,1.10203e+07,2.47957e+07,0.0498092,0.0332062,0.0747139
2020-06-18,2176478,113799,26498035,28521,23227.3,629.571,526821,0.0452811,0.0440895,4.1211,2.7474,6.18165,1.24763,194915,129943,292372,2.12238e+06,1.41492e+06,3.18357e+06,0.0063951,0.0042634,0.00959265,1.67254e+07,1.11503e+07,2.50881e+07,0.0503965,0.0335977,0.0755948
2020-06-19,2207437,114455,27111222,28706,24350.6,614.286,528400,0.0472462,0.0460836,4.11234,2.74156,6.16851,1.22487,200808,133872,301211,2.22746e+06,1.48498e+06,3.3412e+06,0.00671174,0.0044745,0.0100676,1.69262e+07,1.12841e+07,2.53893e+07,0.0510016,0.0340011,0.0765024
2020-06-20,2239388,115066,27688949,28084,25308.6,603,535943,0.0483792,0.0472225,4.13709,2.75806,6.20563,1.20123,205828,137219,308742,2.33315e+06,1.55544e+06,3.49973e+06,0.00703021,0.0046868,0.0105453,1.7132e+07,1.14214e+07,2.5698e+07,0.0516218,0.0344145,0.0774327
2020-06-21,2268236,115359,28220410,28325,26382.1,594.143,543153,0.049757,0.0485722,4.19059,2.79373,6.28588,1.17768,210999,140666,316498,2.43945e+06,1.6263e+06,3.65918e+06,0.00735049,0.00490033,0.0110257,1.7343e+07,1.1562e+07,2.60145e+07,0.0522576,0.0348384,0.0783864
2020-06-22,2295415,115653,28718544,28954,27600,578.143,550186,0.051345,0.0501649,4.24297,2.82865,6.36446,1.15718,215449,143632,323173,2.54434e+06,1.69623e+06,3.81651e+06,0.00766655,0.00511103,0.0114998,1.75585e+07,1.17056e+07,2.63377e+07,0.0529068,0.0352712,0.0793602
2020-06-23,2329300,116378,29363396,30394,29116.7,580.857,574043,0.0519466,0.0507222,4.25921,2.83947,6.38881,1.14071,219639,146426,329459,2.64688e+06,1.76458e+06,3.97031e+06,0.0079755,0.005317,0.0119633,1.77781e+07,1.18521e+07,2.66672e+07,0.0535686,0.0357124,0.0803529
2020-06-24,2368309,117085,29870925,31271,31274.3,568.429,571696,0.0560087,0.0547044,4.1984,2.79893,6.2976,1.12961,223469,148979,335204,2.74633e+06,1.83089e+06,4.1195e+06,0.00827518,0.00551678,0.0124128,1.80016e+07,1.20011e+07,2.70024e+07,0.0542419,0.0361613,0.0813629
2020-06-25,2407990,117748,30520341,31926,33073.1,564.143,587951,0.057557,0.0562516,4.20402,2.80268,6.30603,1.12274,228552,152368,342828,2.84358e+06,1.89572e+06,4.26537e+06,0.00856821,0.00571214,0.0128523,1.82301e+07,1.21534e+07,2.73452e+07,0.0549306,0.0366204,0.0823959
2020-06-26,2452369,118372,31261482,31810,34990.3,559.571,610028,0.0590161,0.0573585,4.20074,2.8005,6.30111,1.12062,234961,156640,352441,2.9395e+06,1.95967e+06,4.40925e+06,0.00885723,0.00590482,0.0132858,1.84651e+07,1.23101e+07,2.76976e+07,0.0556386,0.0370924,0.0834579
2020-06-27,2495262,118874,31893011,32566,36553.4,544,619948,0.0608635,0.0589621,4.25257,2.83505,6.37885,1.12136,241776,161184,362665,3.03429e+06,2.02286e+06,4.55144e+06,0.00914286,0.00609524,0.0137143,1.87069e+07,1.24712e+07,2.80603e+07,0.0563671,0.0375781,0.0845506
2020-06-28,2536594,119145,32499973,32575,38336.9,540.857,633596,0.0627069,0.0605068,4.26257,2.84171,6.39386,1.12265,247344,164896,371016,3.12619e+06,2.08413e+06,4.68928e+06,0.00941976,0.00627984,0.0141296,1.89542e+07,1.26361e+07,2.84313e+07,0.0571124,0.0380749,0.0856686
2020-06-29,2576359,119503,33177348,33744,40134.9,550,661711,0.0630088,0.0606532,4.27416,2.84944,6.41124,1.12176,253039,168693,379559,3.21582e+06,2.14388e+06,4.82372e+06,0.00968982,0.00645988,0.0145347,1.92073e+07,1.28048e+07,2.88109e+07,0.0578748,0.0385832,0.0868123
2020-06-30,2623989,120087,33840832,35335,42098.4,529.857,665547,0.0658165,0.0632539,4.26823,2.84548,6.40234,1.11806,258734,172489,388101,3.30301e+06,2.202e+06,4.95451e+06,0.00995254,0.00663503,0.0149288,1.9466e+07,1.29773e+07,2.9199e+07,0.0586545,0.039103,0.0879817
2020-07-01,2674990,120776,34510215,36569,43811.6,527.286,691136,0.0661052,0.0633907,4.28674,2.85783,6.43011,1.11029,263601,175734,395402,3.38692e+06,2.25795e+06,5.08038e+06,0.0102054,0.0068036,0.0153081,1.97296e+07,1.31531e+07,2.95944e+07,0.0594487,0.0396325,0.0891731
2020-07-02,2728498,121472,35215932,37627,45786.9,532,701066,0.0682572,0.0653103,4.25701,2.838,6.38551,1.09941,266950,177967,400426,3.46606e+06,2.31071e+06,5.1991e+06,0.0104439,0.00696257,0.0156658,1.99965e+07,1.3331e+07,2.99948e+07,0.0602531,0.0401687,0.0903796
2020-07-03,2782186,122074,35946941,37927,47116.7,528.857,697899,0.0703916,0.0675122,4.26192,2.84128,6.39288,1.08523,269026,179351,403539,3.54018e+06,2.36012e+06,5.31026e+06,0.0106672,0.00711145,0.0160008,2.02656e+07,1.35104e+07,3.03983e+07,0.0610637,0.0407091,0.0915956
2020-07-04,2836330,122374,36606386,38281,48724,500,700777,0.0723617,0.0695286,4.22437,2.81624,6.33655,1.06884,270207,180138,405310,3.60957e+06,2.40638e+06,5.41436e+06,0.0108763,0.00725086,0.0163144,2.05358e+07,1.36905e+07,3.08037e+07,0.0618779,0.0412519,0.0928169
2020-07-05,2881497,122581,37293502,38872,49271.9,490.857,710181,0.0719518,0.0693793,4.28234,2.85489,6.42351,1.05227,271658,181105,407487,3.6754e+06,2.45027e+06,5.51311e+06,0.0110746,0.00738309,0.016612,2.08074e+07,1.38716e+07,3.12111e+07,0.0626965,0.0417976,0.0940447
2020-07-06,2922991,122847,37939942,39970,49518.9,477.714,705191,0.0727822,0.0702205,4.35084,2.90056,6.52626,1.03688,272327,181551,408490,3.73673e+06,2.49115e+06,5.6051e+06,0.0112594,0.00750629,0.0168891,2.10798e+07,1.40532e+07,3.16196e+07,0.063517,0.0423447,0.0952755
2020-07-07,2974733,123752,38622565,41957,50106.3,523.571,707408,0.0733508,0.0708308,4.38347,2.92231,6.5752,1.0222,271561,181041,407342,3.79284e+06,2.52856e+06,5.68927e+06,0.0114285,0.00761901,0.0171428,2.13513e+07,1.42342e+07,3.2027e+07,0.0643353,0.0428902,0.0965029
2020-07-08,3037469,124564,39330666,43204,51782.7,541.143,712651,0.0751961,0.0726621,4.31552,2.87701,6.47327,1.00882,270617,180411,405925,3.84382e+06,2.56255e+06,5.76573e+06,0.0115821,0.00772141,0.0173732,2.16219e+07,1.44146e+07,3.24329e+07,0.0651507,0.0434338,0.0977261
2020-07-09,3096428,125464,40099966,44055,52561.4,570.286,719831,0.0753332,0.0730191,4.34828,2.89885,6.52242,0.996821,269240,179493,403860,3.88959e+06,2.59306e+06,5.83439e+06,0.01172,0.00781335,0.01758,2.18912e+07,1.45941e+07,3.28368e+07,0.065962,0.0439746,0.098943
2020-07-10,3163252,126286,40988478,51740,54438,601.714,743638,0.0755853,0.0732049,4.31611,2.87741,6.47417,0.985958,267551,178367,401326,3.92859e+06,2.61906e+06,5.89289e+06,0.0118375,0.00789169,0.0177563,2.21587e+07,1.47725e+07,3.32381e+07,0.0667681,0.0445121,0.100152
2020-07-11,3225576,127038,41746163,51982,55606.6,666.286,758395,0.0757321,0.0733214,4.34798,2.89866,6.52197,0.976161,265308,176872,397963,3.95894e+06,2.63929e+06,5.93841e+06,0.011929,0.00795266,0.0178935,2.2424e+07,1.49494e+07,3.36361e+07,0.0675676,0.045045,0.101351
2020-07-12,3286548,127512,42569974,52860,57864.4,704.429,778544,0.0767655,0.0743239,4.27454,2.84969,6.41181,0.966943,262309,174873,393463,3.97947e+06,2.65298e+06,5.96921e+06,0.0119909,0.0079939,0.0179863,2.26863e+07,1.51242e+07,3.40295e+07,0.068358,0.045572,0.102537
2020-07-13,3344151,127843,43329810,54156,60165.7,713.714,793427,0.0781392,0.0758302,4.2057,2.8038,6.30856,0.95792,258997,172664,388495,3.99113e+06,2.66075e+06,5.98669e+06,0.012026,0.00801731,0.0180389,2.29453e+07,1.52969e+07,3.4418e+07,0.0691384,0.0460922,0.103708
2020-07-14,3406885,128582,44143910,55667,61736,690,812185,0.0782693,0.0760122,4.19098,2.79398,6.28647,0.949707,255426,170284,383139,3.99351e+06,2.66234e+06,5.99027e+06,0.0120332,0.00802211,0.0180497,2.32008e+07,1.54672e+07,3.48011e+07,0.069908,0.0466053,0.104862
2020-07-15,3472503,129442,44989216,56312,62147.7,696.857,830998,0.0768808,0.0747869,4.24153,2.82768,6.36229,0.942287,251868,167912,377802,3.98665e+06,2.65776e+06,5.97997e+06,0.0120125,0.00800831,0.0180187,2.34526e+07,1.56351e+07,3.5179e+07,0.0706669,0.0471113,0.106
2020-07-16,3542952,130395,45890377,57614,63789.1,704.429,851323,0.0771144,0.0749294,4.18489,2.78993,6.27733,0.935205,247604,165069,371405,3.97065e+06,2.6471e+06,5.95597e+06,0.0119643,0.00797618,0.0179464,2.37002e+07,1.58002e+07,3.55504e+07,0.071413,0.0476087,0.107119
2020-07-17,3619170,131331,46801135,57894,65131.1,720.714,854396,0.0784354,0.0762306,4.13053,2.75369,6.1958,0.927968,243261,162174,364892,3.94696e+06,2.63131e+06,5.92044e+06,0.0118929,0.00792859,0.0178393,2.39435e+07,1.59623e+07,3.59152e+07,0.072146,0.0480973,0.108219
2020-07-18,3683593,132204,47644528,57822,65431,738,866624,0.0776515,0.075501,4.12964,2.7531,6.19446,0.92088,238870,159247,358305,3.9168e+06,2.6112e+06,5.87521e+06,0.011802,0.00786801,0.017703,2.41824e+07,1.61216e+07,3.62736e+07,0.0728657,0.0485772,0.109299
2020-07-19,3747308,132731,48487081,58052,65822.9,745.571,870363,0.0778691,0.0756269,4.12711,2.7514,6.19066,0.913691,234062,156041,351093,3.88066e+06,2.58711e+06,5.82099e+06,0.0116931,0.00779541,0.0175397,2.44164e+07,1.62776e+07,3.66246e+07,0.073571,0.0490473,0.110357
2020-07-20,3804244,133100,49247544,58509,65727.6,751,872163,0.0777482,0.0753616,4.14326,2.76218,6.2149,0.907416,228293,152195,342440,3.83729e+06,2.5582e+06,5.75594e+06,0.0115624,0.0077083,0.0173437,2.46447e+07,1.64298e+07,3.69671e+07,0.0742589,0.0495059,0.111388
2020-07-21,3867869,134169,50058298,59480,65854.9,798.143,872350,0.0779428,0.0754914,4.12363,2.74909,6.18545,0.901744,222615,148410,333922,3.78758e+06,2.52505e+06,5.68137e+06,0.0114127,0.00760844,0.017119,2.48673e+07,1.65782e+07,3.7301e+07,0.0749297,0.0499531,0.112395
2020-07-22,3937215,135303,50942644,59752,66387.4,837.286,879178,0.0780579,0.0755108,4.07633,2.71755,6.11449,0.897764,216760,144507,325140,3.73278e+06,2.48852e+06,5.59917e+06,0.0112475,0.00749835,0.0168713,2.50841e+07,1.67227e+07,3.76261e+07,0.0755828,0.0503885,0.113374
2020-07-23,4008440,136364,51850552,59854,66498.3,852.714,880450,0.0780997,0.0755276,4.04883,2.69922,6.07324,0.896409,212437,141625,318656,3.6746e+06,2.44973e+06,5.5119e+06,0.0110722,0.00738148,0.0166083,2.52965e+07,1.68644e+07,3.79448e+07,0.0762229,0.0508153,0.114334
2020-07-24,4083294,137556,52853673,59808,66303.4,889.286,894095,0.0766825,0.0741571,4.03525,2.69017,6.05287,0.898768,207772,138515,311658,3.61313e+06,2.40876e+06,5.4197e+06,0.010887,0.00725801,0.0163305,2.55043e+07,1.70029e+07,3.82565e+07,0.076849,0.0512327,0.115273
2020-07-25,4147670,138561,53734367,59382,66296.7,908.143,901159,0.0762051,0.0735683,4.00183,2.66789,6.00275,0.90374,204192,136128,306288,3.54977e+06,2.36652e+06,5.32466e+06,0.0106961,0.00713073,0.0160441,2.57085e+07,1.7139e+07,3.85628e+07,0.0774642,0.0516428,0.116196
2020-07-26,4207793,139121,54627631,58731,65783.6,912.857,908063,0.0749908,0.0724438,3.98745,2.6583,5.98118,0.912091,201883,134589,302825,3.48635e+06,2.32423e+06,5.22952e+06,0.010505,0.00700332,0.0157575,2.59104e+07,1.72736e+07,3.88656e+07,0.0780726,0.0520484,0.117109
2020-07-27,4262807,140186,55452201,58991,65509,1012.29,916999,0.0739063,0.0714385,3.9536,2.63574,5.93041,0.921366,200050,133367,300075,3.42409e+06,2.28273e+06,5.13614e+06,0.0103174,0.00687826,0.0154761,2.61104e+07,1.7407e+07,3.91657e+07,0.0786753,0.0524502,0.118013
2020-07-28,4321791,141314,56304358,57178,64846,1020.71,922320,0.0726733,0.0703075,3.93897,2.62598,5.90845,0.931104,198392,132261,297588,3.36349e+06,2.24232e+06,5.04523e+06,0.0101348,0.00675652,0.0152022,2.63088e+07,1.75392e+07,3.94632e+07,0.0792731,0.0528488,0.11891
2020-07-29,4385732,142805,57210616,57427,64073.9,1071.71,923857,0.071557,0.0693547,3.9309,2.6206,5.89635,0.938562,197283,131522,295924,3.30534e+06,2.20356e+06,4.95801e+06,0.00995958,0.00663972,0.0149394,2.65061e+07,1.76707e+07,3.97592e+07,0.0798676,0.0532451,0.119801
2020-07-30,4454538,144053,58101564,56565,63728.3,1098.43,921293,0.0713641,0.0691727,3.8853,2.5902,5.82795,0.941832,194853,129902,292280,3.24833e+06,2.16555e+06,4.87249e+06,0.00978779,0.00652519,0.0146817,2.6701e+07,1.78006e+07,4.00514e+07,0.0804547,0.0536365,0.120682
2020-07-31,4522068,145366,59098271,55700,62682,1115.71,920289,0.0702646,0.0681112,3.88088,2.58725,5.82132,0.94036,192970,128647,289455,3.19369e+06,2.12913e+06,4.79054e+06,0.00962316,0.00641544,0.0144347,2.68939e+07,1.79293e+07,4.03409e+07,0.0810362,0.0540241,0.121554
2020-08-01,4582313,146558,59923491,54554,62091.9,1142.43,911178,0.0702269,0.0681446,3.84705,2.5647,5.77057,0.935444,189376,126250,284063,3.13981e+06,2.09321e+06,4.70971e+06,0.0094608,0.0063072,0.0141912,2.70833e+07,1.80555e+07,4.0625e+07,0.0816068,0.0544045,0.12241
2020-08-02,4628823,147052,60673587,54106,60147.1,1133,890416,0.0696383,0.0675495,3.89149,2.59432,5.83723,0.925208,184457,122971,276686,3.0854e+06,2.05693e+06,4.62809e+06,0.00929684,0.00619789,0.0139453,2.72678e+07,1.81785e+07,4.09016e+07,0.0821626,0.0547751,0.123244
2020-08-03,4678171,147588,61473247,53524,59337.7,1057.43,886357,0.0689854,0.0669456,3.84735,2.5649,5.77103,0.912878,180042,120028,270063,3.03138e+06,2.02092e+06,4.54706e+06,0.00913407,0.00608938,0.0137011,2.74478e+07,1.82985e+07,4.11717e+07,0.0827051,0.0551367,0.124058
2020-08-04,4729986,148827,62247849,53440,58313.6,1073.29,875361,0.0686793,0.0666166,3.81755,2.54503,5.72632,0.8997,175265,116843,262898,2.97835e+06,1.98557e+06,4.46752e+06,0.00897429,0.00598286,0.0134614,2.76231e+07,1.84154e+07,4.14346e+07,0.0832332,0.0554888,0.12485
2020-08-05,4782450,150187,63035546,53444,56674,1054.57,859534,0.0681069,0.0659357,3.82468,2.54979,5.73702,0.887472,169401,112934,254101,2.92513e+06,1.95009e+06,4.3877e+06,0.00881394,0.00587596,0.0132209,2.77925e+07,1.85283e+07,4.16887e+07,0.0837436,0.0558291,0.125615
2020-08-06,4836253,151435,63869783,53221,54530.7,1054.57,851519,0.0661755,0.0640393,3.89574,2.59716,5.8436,0.878208,164368,109579,246553,2.87274e+06,1.91516e+06,4.30911e+06,0.00865608,0.00577072,0.0129841,2.79568e+07,1.86379e+07,4.19353e+07,0.0842389,0.0561593,0.126358
2020-08-07,4897089,152768,64762950,51301,53574.4,1057.43,836719,0.0662034,0.0640292,3.8782,2.58546,5.81729,0.873038,159298,106199,238948,2.8196e+06,1.87974e+06,4.22941e+06,0.00849596,0.00566398,0.0127439,2.81161e+07,1.87441e+07,4.21742e+07,0.0847189,0.0564793,0.127078
2020-08-08,4950173,153852,65504062,50071,52551.4,1042,824800,0.065918,0.0637142,3.88557,2.59038,5.82836,0.871464,155024,103349,232535,2.76686e+06,1.84457e+06,4.15028e+06,0.00833702,0.00555801,0.0125055,2.82712e+07,1.88474e+07,4.24067e+07,0.085186,0.0567907,0.127779
2020-08-09,5000326,154466,66282379,48997,53071.9,1059.14,829354,0.0662358,0.0639918,3.80396,2.53598,5.70595,0.875631,151590,101060,227385,2.71425e+06,1.8095e+06,4.07138e+06,0.00817852,0.00545235,0.0122678,2.84228e+07,1.89485e+07,4.26341e+07,0.0856428,0.0570952,0.128464
2020-08-10,5042069,154901,67076110,48761,51985.4,1044.71,830494,0.0649486,0.0625958,3.8482,2.56547,5.7723,0.883636,148466,98977.4,222699,2.66084e+06,1.77389e+06,3.99125e+06,0.00801757,0.00534504,0.0120263,2.85712e+07,1.90475e+07,4.28568e+07,0.0860901,0.0573934,0.129135
2020-08-11,5097499,156224,67874196,48620,52501.9,1056.71,834407,0.06532,0.0629212,3.77876,2.51917,5.66814,0.894039,146034,97355.9,219051,2.60682e+06,1.73788e+06,3.91023e+06,0.0078548,0.00523654,0.0117822,2.87173e+07,1.91448e+07,4.30759e+07,0.0865301,0.0576868,0.129795
2020-08-12,5153393,157742,68425070,48046,52991.9,1079.29,826752,0.0688267,0.0640965,3.72289,2.48193,5.58434,0.907192,144489,96325.8,216733,2.55292e+06,1.70194e+06,3.82937e+06,0.00769238,0.00512826,0.0115386,2.88617e+07,1.92412e+07,4.32926e+07,0.0869655,0.057977,0.130448
2020-08-13,5205014,158906,69437901,47322,52680.1,1067.29,850890,0.0662272,0.0619118,3.6988,2.46586,5.54819,0.921335,143239,95492.8,214859,2.49887e+06,1.66591e+06,3.74831e+06,0.00752954,0.00501969,0.0112943,2.9005e+07,1.93367e+07,4.35075e+07,0.0873971,0.0582647,0.131096
2020-08-14,5262107,160125,70409477,45860,52145.4,1051,860795,0.0646447,0.0605782,3.70061,2.46707,5.55091,0.934611,141953,94635.4,212930,2.44597e+06,1.63065e+06,3.66896e+06,0.00737014,0.00491343,0.0110552,2.91469e+07,1.94313e+07,4.37204e+07,0.0878249,0.0585499,0.131737
2020-08-15,5317917,161343,71273661,44922,52534.9,1070.14,877244,0.0637382,0.0598862,3.60476,2.40317,5.40714,0.94723,141504,94336.2,212256,2.39451e+06,1.59634e+06,3.59176e+06,0.00721507,0.00481005,0.0108226,2.92884e+07,1.95256e+07,4.39327e+07,0.0882512,0.0588342,0.132377
2020-08-16,5360239,161961,72127339,44155,51416.1,1070.71,886581,0.0615766,0.0579937,3.58754,2.39169,5.3813,0.958344,140765,93843.6,211148,2.3459e+06,1.56393e+06,3.51884e+06,0.0070686,0.0047124,0.0106029,2.94292e+07,1.96195e+07,4.41438e+07,0.0886754,0.0591169,0.133013
2020-08-17,5397650,162380,72861204,43596,50797.3,1068.43,875702,0.061465,0.0580075,3.54432,2.36288,5.31649,0.966555,140059,93372.8,210089,2.3015e+06,1.53433e+06,3.45225e+06,0.00693482,0.00462321,0.0104022,2.95693e+07,1.97128e+07,4.43539e+07,0.0890974,0.0593983,0.133646
2020-08-18,5438142,163575,73583142,43848,48663.3,1050.14,863511,0.0596683,0.0563551,3.60159,2.40106,5.40238,0.972921,139915,93276.6,209872,2.26137e+06,1.50758e+06,3.39206e+06,0.00681391,0.00454261,0.0102209,2.97092e+07,1.98061e+07,4.45638e+07,0.089519,0.0596793,0.134278
2020-08-19,5483024,164999,74368900,43395,47090.1,1036.71,873089,0.0554577,0.0539351,3.59737,2.39825,5.39606,0.97497,139799,93199.5,209699,2.22591e+06,1.48394e+06,3.33886e+06,0.00670704,0.00447136,0.0100606,2.9849e+07,1.98993e+07,4.47735e+07,0.0899402,0.0599602,0.13491
2020-08-20,5526747,166133,75181440,42081,45961.9,1032.43,847199,0.0560165,0.0542515,3.57619,2.38413,5.36429,0.972872,138881,92587.3,208321,2.19539e+06,1.46359e+06,3.29308e+06,0.00661508,0.00441005,0.00992262,2.99879e+07,1.99919e+07,4.49818e+07,0.0903587,0.0602391,0.135538
2020-08-21,5572942,167243,76050518,41047,44405,1016.86,833931,0.0551024,0.0532478,3.5874,2.3916,5.3811,0.966752,138090,92060.1,207135,2.16911e+06,1.44607e+06,3.25366e+06,0.0065359,0.00435727,0.00980385,3.01259e+07,2.0084e+07,4.51889e+07,0.0907748,0.0605165,0.136162
2020-08-22,5618664,168271,76935827,40017,42963.9,989.714,840195,0.0531152,0.0511356,3.60823,2.40549,5.41235,0.956079,135500,90333.6,203251,2.14531e+06,1.43021e+06,3.21796e+06,0.00646419,0.00430946,0.00969629,3.02614e+07,2.01743e+07,4.53922e+07,0.0911831,0.0607887,0.136775
2020-08-23,5655989,168845,77644833,39064,42250,983.429,824264,0.0536022,0.0512579,3.58792,2.39195,5.38189,0.940453,132812,88541.6,199219,2.1231e+06,1.4154e+06,3.18465e+06,0.00639727,0.00426484,0.0095959,3.03943e+07,2.02628e+07,4.55914e+07,0.0915833,0.0610555,0.137375
2020-08-24,5690238,169197,78367512,38776,41798.3,973.857,823815,0.0531369,0.0507375,3.55197,2.36798,5.32795,0.923903,129524,86349.2,194286,2.10103e+06,1.40069e+06,3.15155e+06,0.00633078,0.00422052,0.00949617,3.05238e+07,2.03492e+07,4.57857e+07,0.0919735,0.0613157,0.13796
2020-08-25,5726826,170337,79077093,38842,41240.6,966,822399,0.0525458,0.0501467,3.54102,2.36068,5.31154,0.906679,125282,83521.5,187923,2.07785e+06,1.38523e+06,3.11677e+06,0.00626092,0.00417395,0.00939138,3.06491e+07,2.04327e+07,4.59736e+07,0.092351,0.0615674,0.138527
2020-08-26,5770453,171642,79815070,38501,41061.3,949,813403,0.0527764,0.0504809,3.51885,2.3459,5.27828,0.893746,120890,80593.3,181335,2.0527e+06,1.36847e+06,3.07906e+06,0.00618516,0.00412344,0.00927774,3.077e+07,2.05133e+07,4.61549e+07,0.0927153,0.0618102,0.139073
2020-08-27,5814369,172766,80673862,37529,41088.9,947.571,818076,0.0523671,0.0502262,3.48608,2.32406,5.22913,0.88824,117291,78194.1,175937,2.02551e+06,1.35034e+06,3.03826e+06,0.00610321,0.00406881,0.00915481,3.08872e+07,2.05915e+07,4.63309e+07,0.0930687,0.0620458,0.139603
2020-08-28,5860495,173792,81580975,37351,41079,935.571,822776,0.0519944,0.0499273,3.45561,2.30374,5.18342,0.89245,114275,76183.4,171413,1.99654e+06,1.33103e+06,2.99481e+06,0.00601593,0.00401062,0.0090239,3.10015e+07,2.06677e+07,4.65023e+07,0.0934131,0.0622754,0.14012
2020-08-29,5904458,174800,82471426,36516,40827.7,932.714,821239,0.0516284,0.0497148,3.46589,2.31059,5.19883,0.906777,113582,75721.5,170373,1.96817e+06,1.31211e+06,2.95226e+06,0.00593045,0.00395363,0.00889567,3.11151e+07,2.07434e+07,4.66727e+07,0.0937553,0.0625035,0.140633
2020-08-30,5943743,175274,83298129,35801,41107.7,918.429,833757,0.0509002,0.0493042,3.42431,2.28287,5.13646,0.93158,114094,76062.3,171140,1.94076e+06,1.29384e+06,2.91114e+06,0.00584785,0.00389857,0.00877178,3.12292e+07,2.08195e+07,4.68438e+07,0.0940991,0.0627327,0.141149
2020-08-31,5975013,175656,84033601,35423,40682.1,922.714,834865,0.0502595,0.048729,3.44277,2.29518,5.16415,0.961424,115567,77044.8,173351,1.91556e+06,1.27704e+06,2.87334e+06,0.00577193,0.00384795,0.00865789,3.13448e+07,2.08965e+07,4.70171e+07,0.0944473,0.0629649,0.141671
2020-09-01,6017434,176678,84849691,35334,41515.4,905.857,853970,0.0503427,0.0486147,3.37019,2.24679,5.05529,0.994198,117570,78379.8,176355,1.89307e+06,1.26205e+06,2.83961e+06,0.00570416,0.00380278,0.00855624,3.14623e+07,2.09749e+07,4.71935e+07,0.0948016,0.063201,0.142202
2020-09-02,6047651,177704,85606558,35667,40707.9,866,856631,0.0492024,0.0475209,3.43421,2.28947,5.15131,1.02599,119882,79921.2,179823,1.87304e+06,1.24869e+06,2.80956e+06,0.0056438,0.00376253,0.0084657,3.15822e+07,2.10548e+07,4.73733e+07,0.0951628,0.0634419,0.142744
2020-09-03,6092272,178780,86487698,34747,40808.6,859.143,860791,0.0491345,0.0474082,3.40323,2.26882,5.10484,1.05242,122047,81364.5,183070,1.85529e+06,1.23686e+06,2.78293e+06,0.00559031,0.00372687,0.00838546,3.17043e+07,2.11362e+07,4.75564e+07,0.0955305,0.063687,0.143296
2020-09-04,6143785,179776,87531432,34191,41578.1,854.857,881202,0.0489117,0.0471835,3.32122,2.21415,4.98183,1.07088,124344,82895.7,186515,1.84075e+06,1.22717e+06,2.76113e+06,0.0055465,0.00369767,0.00831976,3.18286e+07,2.12191e+07,4.77429e+07,0.0959052,0.0639368,0.143858
2020-09-05,6188529,180697,88498026,33626,41689.7,842.429,893200,0.0484233,0.0466746,3.25021,2.16681,4.87532,1.08223,127064,84709.4,190596,1.82972e+06,1.21982e+06,2.74459e+06,0.00551328,0.00367552,0.00826992,3.19557e+07,2.13038e+07,4.79335e+07,0.0962881,0.064192,0.144432
2020-09-06,6221450,181144,89326018,32497,40780.6,838.571,894522,0.0473572,0.0455892,3.25676,2.17117,4.88514,1.08652,128823,85881.7,193234,1.82305e+06,1.21536e+06,2.73457e+06,0.00549316,0.00366211,0.00823974,3.20845e+07,2.13897e+07,4.81267e+07,0.0966762,0.0644508,0.145014
2020-09-07,6249594,181370,89990623,32116,40334,816.286,885696,0.0473958,0.0455393,3.21128,2.14085,4.81692,1.08623,130096,86730.6,195144,1.82033e+06,1.21355e+06,2.73049e+06,0.00548497,0.00365665,0.00822746,3.22146e+07,2.14764e+07,4.83219e+07,0.0970682,0.0647122,0.145602
2020-09-08,6271730,181722,90567918,32345,37436.1,720.571,847948,0.0458277,0.0441491,3.34656,2.23104,5.01984,1.0827,132030,88020.3,198046,1.82284e+06,1.21522e+06,2.73425e+06,0.00549253,0.00366168,0.00823879,3.23466e+07,2.15644e+07,4.85199e+07,0.0974661,0.0649774,0.146199
2020-09-09,6302903,182824,91270177,32647,36464.6,731.429,839730,0.0450687,0.0434242,3.31527,2.21018,4.9729,1.07473,134174,89449.2,201261,1.83173e+06,1.22115e+06,2.74759e+06,0.00551932,0.00367955,0.00827898,3.24808e+07,2.16539e+07,4.87212e+07,0.0978704,0.0652469,0.146806
2020-09-10,6340205,183985,92053703,32536,35419,743.571,825486,0.0445442,0.0429068,3.31153,2.20769,4.9673,1.06443,136276,90851,204415,1.84711e+06,1.23141e+06,2.77067e+06,0.00556568,0.00371045,0.00834852,3.26171e+07,2.17447e+07,4.89256e+07,0.098281,0.0655207,0.147421
2020-09-11,6384889,184993,92978081,31529,34443.4,745.286,808668,0.0442665,0.0425928,3.31776,2.21184,4.97664,1.05296,137212,91474.6,205818,1.86704e+06,1.24469e+06,2.80055e+06,0.00562571,0.00375047,0.00843856,3.27543e+07,2.18362e+07,4.91314e+07,0.0986944,0.0657963,0.148042
2020-09-12,6426755,185811,93975330,30758,34032.3,730.571,813480,0.0434933,0.0418354,3.33749,2.22499,5.00623,1.03817,135782,90521.2,203673,1.88854e+06,1.25903e+06,2.83281e+06,0.00569051,0.00379367,0.00853576,3.28901e+07,2.19267e+07,4.93351e+07,0.0991036,0.066069,0.148655
2020-09-13,6461066,186201,94747646,29921,34230.9,722.429,805641,0.0441963,0.042489,3.33306,2.22204,4.99959,1.02131,135150,90099.8,202725,1.91011e+06,1.27341e+06,2.86516e+06,0.0057555,0.003837,0.00863324,3.30252e+07,2.20168e+07,4.95378e+07,0.0995108,0.0663405,0.149266
2020-09-14,6494686,186609,95244363,30045,35013.1,748.429,831001,0.046651,0.0421337,3.30068,2.20045,4.95102,1.00546,134828,89885.3,202242,1.93084e+06,1.28723e+06,2.89627e+06,0.00581797,0.00387865,0.00872696,3.316e+07,2.21067e+07,4.97401e+07,0.0999171,0.0666114,0.149876
2020-09-15,6529591,187654,96059423,30447,36837.3,847.429,869185,0.0469563,0.0423814,3.1916,2.12773,4.78739,0.990776,133323,88882,199984,1.9486e+06,1.29907e+06,2.9229e+06,0.00587147,0.00391432,0.00880721,3.32934e+07,2.21956e+07,4.994e+07,0.100319,0.0668792,0.150478
2020-09-16,6569703,188832,96888730,30362,38114.3,858.286,891138,0.0474855,0.0427703,3.14533,2.09688,4.71799,0.980265,131857,87905,197786,1.96289e+06,1.30859e+06,2.94433e+06,0.00591453,0.00394302,0.00887179,3.34252e+07,2.22835e+07,5.01378e+07,0.100716,0.0671441,0.151074
2020-09-17,6612992,189712,97859116,30007,38969.6,818.143,920763,0.0469884,0.0423231,3.13185,2.0879,4.69777,0.97493,130562,87041.3,195843,1.97357e+06,1.31571e+06,2.96035e+06,0.00594671,0.00396447,0.00892006,3.35558e+07,2.23705e+07,5.03337e+07,0.101109,0.0674063,0.151664
2020-09-18,6660244,190612,98952852,29652,39336.4,802.714,947155,0.0460863,0.0415311,3.16103,2.10735,4.74154,0.975042,130064,86709.1,195096,1.98158e+06,1.32106e+06,2.97238e+06,0.00597086,0.00398058,0.00895629,3.36858e+07,2.24572e+07,5.05288e+07,0.101501,0.0676676,0.152252
2020-09-19,6705149,191359,100128753,29185,39770.6,792.571,974164,0.0452421,0.0408253,3.19493,2.12995,4.79239,0.982758,130800,87199.8,196199,1.98804e+06,1.32536e+06,2.98206e+06,0.00599032,0.00399354,0.00898547,3.38166e+07,2.25444e+07,5.0725e+07,0.101896,0.0679303,0.152843
2020-09-20,6740652,191682,101105769,28724,39940.9,783,1.00601e+06,0.043973,0.0397021,3.22533,2.15022,4.838,0.99597,131495,87663.1,197242,1.99247e+06,1.32831e+06,2.98871e+06,0.00600367,0.00400244,0.0090055,3.39481e+07,2.26321e+07,5.09222e+07,0.102292,0.0681945,0.153438
2020-09-21,6779791,191962,101878931,28873,40729.3,764.714,998948,0.0429727,0.0407722,3.19416,2.12944,4.79124,1.01119,132603,88402.1,198905,1.99625e+06,1.33083e+06,2.99438e+06,0.00601506,0.00401004,0.00902259,3.40807e+07,2.27205e+07,5.11211e+07,0.102691,0.0684609,0.154037
2020-09-22,6829266,192826,102736418,29658,42810.7,738.857,1.00471e+06,0.0448817,0.0426101,3.08405,2.05603,4.62608,1.02893,134785,89856.4,202177,2.00094e+06,1.33396e+06,3.00141e+06,0.00602919,0.00401946,0.00904378,3.42155e+07,2.28104e+07,5.13233e+07,0.103097,0.0687316,0.154646
2020-09-23,6867886,193980,103750104,30021,42597.6,735.429,1.03184e+06,0.0434582,0.0412831,3.1498,2.09987,4.7247,1.04822,137017,91344.6,205525,2.00593e+06,1.33728e+06,3.00889e+06,0.00604421,0.00402947,0.00906632,3.43525e+07,2.29017e+07,5.15288e+07,0.10351,0.0690069,0.155265
2020-09-24,6911232,194919,104791473,30158,42605.7,743.857,1.04312e+06,0.0430214,0.0408447,3.19855,2.13237,4.79782,1.06639,139706,93137,209558,2.01146e+06,1.34097e+06,3.01719e+06,0.00606088,0.00404059,0.00909132,3.44923e+07,2.29948e+07,5.17384e+07,0.103931,0.0692875,0.155897
2020-09-25,6966421,195769,105907492,29900,43739.6,736.714,1.04848e+06,0.0440249,0.041717,3.13702,2.09135,4.70553,1.08294,142878,95251.8,214317,2.01806e+06,1.34537e+06,3.02709e+06,0.00608077,0.00405385,0.00912116,3.46351e+07,2.30901e+07,5.19527e+07,0.104362,0.0695745,0.156543
2020-09-26,7013826,196640,107030604,29670,44096.7,754.429,1.04186e+06,0.0447238,0.0423249,3.07918,2.05279,4.61877,1.09635,146548,97698.4,219821,2.0274e+06,1.3516e+06,3.04109e+06,0.0061089,0.0040726,0.00916335,3.47817e+07,2.31878e+07,5.21725e+07,0.104803,0.0698689,0.157205
2020-09-27,7048812,196946,107934990,29579,44022.9,752,1.0317e+06,0.0451237,0.0426703,3.06999,2.04666,4.60499,1.10644,150074,100050,225112,2.04169e+06,1.36113e+06,3.06253e+06,0.00615197,0.00410131,0.00922795,3.49318e+07,2.32878e+07,5.23976e+07,0.105256,0.0701704,0.157883
2020-09-28,7084695,197193,109095550,29688,43557.7,747.286,1.0874e+06,0.0422503,0.0400568,3.09539,2.06359,4.64308,1.11317,153668,102445,230501,2.06021e+06,1.37347e+06,3.09031e+06,0.00620776,0.00413851,0.00931165,3.50854e+07,2.33903e+07,5.26281e+07,0.105719,0.070479,0.158578
2020-09-29,7121136,197930,110017025,30583,41695.7,729.143,1.09663e+06,0.0400887,0.0380217,3.19752,2.13168,4.79628,1.11663,157335,104890,236003,2.08271e+06,1.38848e+06,3.12407e+06,0.00627558,0.00418372,0.00941337,3.52428e+07,2.34952e+07,5.28641e+07,0.106193,0.0707951,0.159289
2020-09-30,7165483,198993,110926460,31018,42513.9,716.143,1.08247e+06,0.0414691,0.039275,3.10152,2.06768,4.65228,1.1171,160615,107077,240923,2.11001e+06,1.40667e+06,3.16501e+06,0.00635782,0.00423855,0.00953673,3.54034e+07,2.36022e+07,5.31051e+07,0.106677,0.0711177,0.160015
2020-10-01,7211088,199851,111933077,30951,42836.6,704.571,1.07847e+06,0.0419872,0.0397197,3.04791,2.03194,4.57186,1.11621,163421,108948,245132,2.14157e+06,1.42771e+06,3.21235e+06,0.00645292,0.00430195,0.00967939,3.55668e+07,2.37112e+07,5.33502e+07,0.107169,0.071446,0.160754
2020-10-02,7260346,200698,113174773,30877,41989.3,704.143,1.09647e+06,0.040445,0.0382948,3.09755,2.06503,4.64632,1.11431,166705,111137,250057,2.17771e+06,1.45181e+06,3.26657e+06,0.00656183,0.00437455,0.00984274,3.57335e+07,2.38223e+07,5.36002e+07,0.107671,0.0717809,0.161507
2020-10-03,7311280,201438,114273039,30209,42493.4,685.429,1.09439e+06,0.041071,0.0388283,3.07811,2.05208,4.61717,1.11275,170329,113552,255493,2.21798e+06,1.47865e+06,3.32696e+06,0.00668315,0.00445544,0.0100247,3.59038e+07,2.39359e+07,5.38557e+07,0.108185,0.072123,0.162277
2020-10-04,7349267,201803,115301057,30063,42922.1,693.857,1.11618e+06,0.0407891,0.0384545,3.06356,2.04238,4.59534,1.11365,174205,116136,261307,2.26138e+06,1.50759e+06,3.39207e+06,0.00681394,0.00454263,0.0102209,3.6078e+07,2.4052e+07,5.4117e+07,0.108709,0.072473,0.163064
2020-10-05,7387024,202147,116293272,31434,43189.9,707.714,1.09364e+06,0.0420034,0.0394918,3.07024,2.04683,4.60536,1.11848,177998,118666,266998,2.30789e+06,1.53859e+06,3.46183e+06,0.00695407,0.00463604,0.0104311,3.6256e+07,2.41707e+07,5.4384e+07,0.109246,0.0728305,0.163869
2020-10-06,7425941,202757,117206748,32720,43543.6,689.571,1.09414e+06,0.0423945,0.0397969,3.0954,2.0636,4.64309,1.12551,182263,121509,273395,2.35755e+06,1.5717e+06,3.53632e+06,0.0071037,0.0047358,0.0106556,3.64383e+07,2.42922e+07,5.46574e+07,0.109795,0.0731967,0.164692
2020-10-07,7476532,203682,118184217,33584,44435.6,669.857,1.1057e+06,0.0428575,0.0401879,3.0835,2.05566,4.62525,1.1342,188445,125630,282667,2.41121e+06,1.60747e+06,3.61681e+06,0.00726539,0.00484359,0.0108981,3.66267e+07,2.44178e+07,5.49401e+07,0.110363,0.0735752,0.165544
2020-10-08,7531740,204667,119341075,34446,45807.4,688,1.13002e+06,0.0432846,0.0405368,3.04984,2.03323,4.57477,1.14417,195700,130467,293550,2.46989e+06,1.64659e+06,3.70483e+06,0.00744221,0.00496147,0.0111633,3.68224e+07,2.45483e+07,5.52337e+07,0.110952,0.0739683,0.166429
2020-10-09,7588542,205565,120544185,34989,46885.1,695.286,1.12816e+06,0.0445349,0.0415589,3.0474,2.0316,4.5711,1.15369,202080,134720,303121,2.53226e+06,1.68818e+06,3.7984e+06,0.00763016,0.00508677,0.0114452,3.70245e+07,2.4683e+07,5.55368e+07,0.111561,0.0743743,0.167342
2020-10-10,7645956,206246,121796109,34700,47810.9,686.857,1.15346e+06,0.0444866,0.0414501,3.06515,2.04343,4.59773,1.16099,208130,138753,312194,2.59752e+06,1.73168e+06,3.89627e+06,0.00782677,0.00521785,0.0117402,3.72326e+07,2.48218e+07,5.5849e+07,0.112189,0.0747924,0.168283
2020-10-11,7692224,206714,122874225,34609,48993.9,701.571,1.16061e+06,0.0452858,0.0422138,3.06313,2.04208,4.59469,1.16476,214528,143019,321792,2.6655e+06,1.777e+06,3.99824e+06,0.00803161,0.00535441,0.0120474,3.74472e+07,2.49648e+07,5.61708e+07,0.112835,0.0752233,0.169252
2020-10-12,7734868,206996,123933796,35156,49692,692.714,1.17331e+06,0.0455262,0.0423521,3.0924,2.0616,4.6386,1.16449,221394,147596,332091,2.73682e+06,1.82454e+06,4.10522e+06,0.00824651,0.00549767,0.0123698,3.76686e+07,2.51124e+07,5.65029e+07,0.113502,0.075668,0.170253
2020-10-13,7783462,207694,124985629,36161,51074.4,705.286,1.19524e+06,0.0459605,0.0427316,3.08051,2.05367,4.62076,1.16184,228269,152180,342404,2.81142e+06,1.87428e+06,4.21713e+06,0.0084713,0.00564753,0.0127069,3.78968e+07,2.52646e+07,5.68453e+07,0.11419,0.0761266,0.171285
2020-10-14,7839579,208501,126030487,37176,51863.9,688.429,1.2087e+06,0.04627,0.0429086,3.09686,2.06457,4.64529,1.15697,233761,155841,350642,2.88784e+06,1.92523e+06,4.33177e+06,0.00870158,0.00580105,0.0130524,3.81306e+07,2.54204e+07,5.71959e+07,0.114894,0.0765961,0.172341
2020-10-15,7902973,209431,127139866,37420,53033.3,680.571,1.20181e+06,0.0476014,0.0441278,3.08148,2.05432,4.62223,1.15066,238740,159160,358110,2.96597e+06,1.97731e+06,4.44895e+06,0.00893699,0.00595799,0.0134055,3.83693e+07,2.55796e+07,5.7554e+07,0.115614,0.0770757,0.17342
2020-10-16,7971222,210328,128370794,37470,54668.6,680.429,1.19952e+06,0.0488947,0.0455752,3.04937,2.03291,4.57406,1.14589,244871,163248,367307,3.04742e+06,2.03161e+06,4.57113e+06,0.00918241,0.00612161,0.0137736,3.86142e+07,2.57428e+07,5.79213e+07,0.116351,0.0775676,0.174527
2020-10-17,8028550,211101,129669523,37474,54656.3,693.571,1.20158e+06,0.0485932,0.0454868,3.11636,2.07757,4.67454,1.14433,251327,167552,376991,3.13204e+06,2.08803e+06,4.69806e+06,0.00943739,0.00629159,0.0141561,3.88655e+07,2.59104e+07,5.82983e+07,0.117109,0.0780725,0.175663
2020-10-18,8076834,211503,130721196,36536,54944.3,684.143,1.19388e+06,0.0490138,0.0460217,3.17057,2.11371,4.75585,1.14665,258603,172402,387904,3.22032e+06,2.14688e+06,4.83047e+06,0.00970338,0.00646892,0.0145551,3.91241e+07,2.60828e+07,5.86862e+07,0.117888,0.078592,0.176832
2020-10-19,8133943,211959,131855916,37954,57010.7,709,1.1999e+06,0.0503748,0.0475128,3.12219,2.08146,4.68329,1.15366,266819,177880,400229,3.31293e+06,2.20862e+06,4.9694e+06,0.00998244,0.00665496,0.0149737,3.9391e+07,2.62606e+07,5.90864e+07,0.118692,0.0791279,0.178038
2020-10-20,8194492,212796,132808663,39406,58718.6,728.857,1.18292e+06,0.052541,0.0496387,3.10402,2.06934,4.65603,1.16476,275871,183914,413806,3.4108e+06,2.27387e+06,5.1162e+06,0.0102774,0.00685157,0.015416,3.96668e+07,2.64446e+07,5.95002e+07,0.119523,0.0796821,0.179285
2020-10-21,8255450,213815,133750450,40397,59410.1,759.143,1.15958e+06,0.0538696,0.051234,3.17193,2.11462,4.75789,1.18063,287232,191488,430849,3.51577e+06,2.34385e+06,5.27366e+06,0.0105936,0.00706243,0.0158905,3.99541e+07,2.6636e+07,5.99311e+07,0.120389,0.0802591,0.180583
2020-10-22,8328292,214941,134980183,41125,60759.9,787.143,1.17176e+06,0.0542477,0.0518537,3.22087,2.14725,4.83131,1.20037,300628,200419,450942,3.62796e+06,2.41864e+06,5.44193e+06,0.0109317,0.00728778,0.0163975,4.02547e+07,2.68365e+07,6.0382e+07,0.121294,0.080863,0.181942
2020-10-23,8410625,215875,136363356,41617,62771.9,792.429,1.19881e+06,0.0549765,0.0523616,3.21928,2.14619,4.82893,1.221,315272,210181,472908,3.74753e+06,2.49835e+06,5.62129e+06,0.011292,0.00752797,0.0169379,4.057e+07,2.70466e+07,6.08549e+07,0.122244,0.0814963,0.183367
2020-10-24,8493912,216765,137686732,42087,66480.3,809.143,1.20651e+06,0.0580454,0.0551014,3.1307,2.08713,4.69604,1.241,332533,221688,498799,3.87798e+06,2.58532e+06,5.81697e+06,0.011685,0.00779002,0.0175276,4.09025e+07,2.72683e+07,6.13537e+07,0.123246,0.0821643,0.18487
2020-10-25,8558805,217147,138874943,41883,68853,806.286,1.23039e+06,0.0591104,0.0559602,3.11574,2.07716,4.67361,1.25883,350650,233767,525975,4.0205e+06,2.68033e+06,6.03075e+06,0.0121145,0.00807632,0.0181717,4.12531e+07,2.75021e+07,6.18797e+07,0.124303,0.0828687,0.186455
2020-10-26,8621330,217549,140086008,43005,69626.7,798.571,1.24509e+06,0.0592201,0.0559212,3.17973,2.11982,4.7696,1.27179,369331,246220,553996,4.1753e+06,2.78353e+06,6.26295e+06,0.0125809,0.00838728,0.0188714,4.16225e+07,2.77483e+07,6.24337e+07,0.125416,0.0836106,0.188124
2020-10-27,8693413,218468,141157171,44392,71274.4,810.286,1.26355e+06,0.0597617,0.056408,3.20268,2.13512,4.80402,1.27949,389483,259655,584224,4.34339e+06,2.89559e+06,6.51509e+06,0.0130874,0.00872493,0.0196311,4.2012e+07,2.8008e+07,6.30179e+07,0.126589,0.084393,0.189884
2020-10-28,8772165,219512,142253322,45205,73816.4,813.857,1.29093e+06,0.0607695,0.0571807,3.16679,2.1112,4.75019,1.28035,409148,272766,613722,4.52427e+06,3.01618e+06,6.7864e+06,0.0136324,0.00908828,0.0204486,4.24211e+07,2.82807e+07,6.36317e+07,0.127822,0.0852149,0.191733
2020-10-29,8860888,220549,143586113,46220,76085.1,801.143,1.30946e+06,0.0618871,0.0581041,3.1378,2.09187,4.7067,1.27386,427940,285293,641910,4.71845e+06,3.14563e+06,7.07767e+06,0.0142175,0.00947834,0.0213263,4.2849e+07,2.8566e+07,6.42736e+07,0.129112,0.0860745,0.193668
2020-10-30,8958126,221496,144949737,46856,78214.4,803,1.30686e+06,0.0637639,0.0598491,3.13077,2.08718,4.69616,1.2617,446390,297593,669584,4.9261e+06,3.28407e+06,7.38915e+06,0.0148432,0.00989547,0.0222648,4.32954e+07,2.88636e+07,6.49432e+07,0.130457,0.0869712,0.195685
2020-10-31,9048711,222459,146339867,47486,79257,813.429,1.31616e+06,0.0641154,0.0602184,3.17104,2.11403,4.75657,1.24448,462521,308347,693781,5.14375e+06,3.42916e+06,7.71562e+06,0.015499,0.0103327,0.0232485,4.3758e+07,2.9172e+07,6.56369e+07,0.13185,0.0879003,0.197776
2020-11-01,9122560,222854,147467734,47615,80536.4,815.286,1.30679e+06,0.0656079,0.0616294,3.211,2.14067,4.8165,1.22316,477344,318229,716015,5.36976e+06,3.57984e+06,8.05464e+06,0.01618,0.0107867,0.0242701,4.42353e+07,2.94902e+07,6.6353e+07,0.133289,0.0888592,0.199933
2020-11-02,9204607,223345,148794259,48773,83325.3,828,1.32221e+06,0.0669798,0.0630198,3.20214,2.13476,4.80321,1.20022,491278,327519,736917,5.60244e+06,3.73496e+06,8.40366e+06,0.0168811,0.0112541,0.0253217,4.47266e+07,2.98177e+07,6.70899e+07,0.134769,0.089846,0.202154
2020-11-03,9291273,224859,149922998,50512,85408.6,913,1.33073e+06,0.0682035,0.0641819,3.23001,2.15334,4.84502,1.17601,502833,335222,754249,5.83845e+06,3.8923e+06,8.75768e+06,0.0175923,0.0117282,0.0263884,4.52294e+07,3.01529e+07,6.78441e+07,0.136284,0.0908561,0.204426
2020-11-04,9394578,225976,151145726,52166,88916.1,923.429,1.34911e+06,0.0699938,0.0659073,3.23037,2.15358,4.84556,1.1517,512682,341788,769023,6.07526e+06,4.05018e+06,9.11289e+06,0.0183058,0.0122039,0.0274588,4.57421e+07,3.04947e+07,6.86131e+07,0.137829,0.091886,0.206743
2020-11-05,9511021,227122,152712753,53465,92876.1,939,1.38391e+06,0.0712346,0.0671114,3.23687,2.15791,4.8553,1.12899,520953,347302,781429,6.30898e+06,4.20599e+06,9.46347e+06,0.0190101,0.0126734,0.0285151,4.6263e+07,3.0842e+07,6.93946e+07,0.139399,0.0929325,0.209098
2020-11-06,9636779,228295,154276689,54949,96950.4,971.286,1.41306e+06,0.0727626,0.0686101,3.25189,2.16792,4.87783,1.10686,526798,351199,790197,6.53515e+06,4.35677e+06,9.80273e+06,0.0196916,0.0131277,0.0295374,4.67898e+07,3.11932e+07,7.01848e+07,0.140986,0.0939907,0.211479
2020-11-07,9766001,229414,155689754,56037,102470,993.571,1.43582e+06,0.0767164,0.0713671,3.24517,2.16345,4.86776,1.08569,531632,354421,797448,6.75151e+06,4.50101e+06,1.01273e+07,0.0203435,0.0135623,0.0305152,4.73215e+07,3.15477e+07,7.09822e+07,0.142588,0.0950586,0.213882
2020-11-08,9876291,229910,156942004,56942,107676,1008,1.45406e+06,0.0795556,0.0740516,3.25654,2.17102,4.8848,1.06593,536326,357551,804489,6.95531e+06,4.63687e+06,1.0433e+07,0.0209576,0.0139717,0.0314363,4.78578e+07,3.19052e+07,7.17867e+07,0.144204,0.096136,0.216306
2020-11-09,9995725,230487,158458490,59394,113017,1020.29,1.48325e+06,0.0818604,0.0761955,3.26792,2.17862,4.90189,1.04704,536179,357453,804268,7.14084e+06,4.76056e+06,1.07113e+07,0.0215166,0.0143444,0.0322749,4.8394e+07,3.22627e+07,7.2591e+07,0.14582,0.0972131,0.218729
2020-11-10,10126912,231847,159710407,62138,119377,998.286,1.5016e+06,0.085379,0.0795,3.26263,2.17508,4.89394,1.02915,534933,356622,802399,7.30644e+06,4.87096e+06,1.09597e+07,0.0220156,0.0146771,0.0330234,4.89289e+07,3.26193e+07,7.33934e+07,0.147431,0.0982876,0.221147
2020-11-11,10271729,233410,161127946,65557,125307,1062,1.53148e+06,0.0878713,0.0818211,3.26516,2.17677,4.89774,1.01354,532156,354771,798234,7.44911e+06,4.96607e+06,1.11737e+07,0.0224455,0.0149637,0.0336682,4.94611e+07,3.2974e+07,7.41916e+07,0.149035,0.0993566,0.223552
2020-11-12,10423741,234529,162603856,67233,130389,1058.14,1.51754e+06,0.0922769,0.0859208,3.28203,2.18802,4.92305,0.99968,528487,352325,792730,7.56845e+06,5.04563e+06,1.13527e+07,0.0228051,0.0152034,0.0342076,4.99896e+07,3.33264e+07,7.49843e+07,0.150627,0.100418,0.225941
2020-11-13,10595857,235797,164301802,68599,137011,1071.71,1.53816e+06,0.0956676,0.0890748,3.25805,2.17204,4.88708,0.99098,524748,349832,787122,7.66526e+06,5.11017e+06,1.14979e+07,0.0230968,0.0153978,0.0346452,5.05143e+07,3.36762e+07,7.57715e+07,0.152209,0.101472,0.228313
2020-11-14,10759395,237128,165963672,69588,141913,1102,1.555e+06,0.0966909,0.0912627,3.25917,2.17278,4.88876,0.988251,521608,347739,782413,7.74048e+06,5.16032e+06,1.16107e+07,0.0233234,0.0155489,0.0349851,5.10359e+07,3.40239e+07,7.65539e+07,0.15378,0.10252,0.23067
2020-11-15,10903827,237815,167579070,70202,146791,1129.29,1.60783e+06,0.0965996,0.0912975,3.25186,2.16791,4.87779,0.99225,518672,345781,778007,7.79663e+06,5.19775e+06,1.16949e+07,0.0234926,0.0156617,0.0352389,5.15546e+07,3.43697e+07,7.73319e+07,0.155343,0.103562,0.233015
2020-11-16,11052700,238434,169065741,73377,150996,1135.29,1.60632e+06,0.0996465,0.0940015,3.25358,2.16905,4.88036,1.00365,524135,349423,786202,7.84342e+06,5.22895e+06,1.17651e+07,0.0236336,0.0157557,0.0354504,5.20787e+07,3.47191e+07,7.81181e+07,0.156922,0.104615,0.235384
2020-11-17,11209432,239989,170577288,77079,154646,1163.14,1.64578e+06,0.0996164,0.0939649,3.25151,2.16768,4.87727,1.02306,532574,355049,798861,7.88471e+06,5.25648e+06,1.18271e+07,0.023758,0.0158387,0.0356371,5.26113e+07,3.50742e+07,7.89169e+07,0.158527,0.105685,0.237791
2020-11-18,11373404,241853,172116339,79517,157382,1206.14,1.66616e+06,0.100258,0.094458,3.25756,2.17171,4.88634,1.04438,544775,363183,817163,7.92666e+06,5.28444e+06,1.189e+07,0.0238844,0.0159229,0.0358266,5.31561e+07,3.54374e+07,7.97341e+07,0.160169,0.106779,0.240253
2020-11-19,11556239,243820,173937358,80682,161785,1327.29,1.72047e+06,0.0999248,0.0940358,3.22002,2.14668,4.83003,1.06696,560160,373440,840240,7.97413e+06,5.31609e+06,1.19612e+07,0.0240275,0.0160183,0.0360412,5.37162e+07,3.58108e+07,8.05743e+07,0.161856,0.107904,0.242785
2020-11-20,11749039,245704,175856762,82279,164740,1415.29,1.75631e+06,0.0997997,0.093799,3.19775,2.13183,4.79662,1.08625,577931,385288,866897,8.03111e+06,5.35408e+06,1.20467e+07,0.0241992,0.0161328,0.0362987,5.42942e+07,3.61961e+07,8.14412e+07,0.163598,0.109065,0.245397
2020-11-21,11928754,247216,177860999,83346,167051,1441.14,1.80993e+06,0.0982875,0.092297,3.18245,2.12163,4.77367,1.09934,588119,392079,882178,8.09243e+06,5.39496e+06,1.21387e+07,0.0243839,0.016256,0.0365759,5.48823e+07,3.65882e+07,8.23234e+07,0.16537,0.110247,0.248055
2020-11-22,12079595,248114,179605487,83882,167967,1471.29,1.83283e+06,0.0977654,0.0916435,3.19305,2.1287,4.78957,1.11158,600578,400385,900867,8.16138e+06,5.44092e+06,1.22421e+07,0.0245917,0.0163945,0.0368875,5.54829e+07,3.69886e+07,8.32243e+07,0.16718,0.111453,0.250769
2020-11-23,12230553,249069,181364047,85979,168265,1519.29,1.874e+06,0.0957736,0.089789,3.18652,2.12435,4.77978,1.12099,610125,406750,915187,8.23518e+06,5.49012e+06,1.23528e+07,0.024814,0.0165427,0.0372211,5.6093e+07,3.73953e+07,8.41395e+07,0.169018,0.112679,0.253527
2020-11-24,12397567,251135,183154319,88174,169734,1592.29,1.91462e+06,0.0944686,0.0886512,3.1516,2.10107,4.7274,,,,,,,,,,,,,,,,
2020-11-25,12581196,253424,184875024,90041,172542,1653,1.93953e+06,0.0946643,0.0889605,3.08422,2.05614,4.62632,,,,,,,,,,,,,,,,
2020-11-26,12707531,254760,186045219,90564,164470,1562.86,1.84472e+06,0.0950863,0.0891575,3.21327,2.14218,4.8199,,,,,,,,,,,,,,,,
2020-11-27,12901256,256132,188171507,89950,164602,1489.71,1.86993e+06,0.093564,0.0880259,3.18797,2.12531,4.78196,,,,,,,,,,,,,,,,
2020-11-28,13055778,257377,189881073,91762,161003,1451.57,1.82038e+06,0.0937618,0.088445,3.23973,2.15982,4.8596,,,,,,,,,,,,,,,,
2020-11-29,13191020,258180,191171043,93357,158775,1438,1.74899e+06,0.0960978,0.0907809,3.26671,2.17781,4.90006,,,,,,,,,,,,,,,,
2020-11-30,13338607,259316,192774296,96149,158293,1463.86,1.72144e+06,0.0971104,0.0919538,3.31116,2.20744,4.96674,,,,,,,,,,,,,,,,
2020-12-01,13515360,261789,195115292,98777,159685,1522,1.78731e+06,0.0934534,0.0893434,3.33516,2.22344,5.00274,,,,,,,,,,,,,,,,
2020-12-02,13711156,264522,196574494,100322,161423,1585.43,1.74725e+06,0.0965822,0.0923869,3.37483,2.24989,5.06225,,,,,,,,,,,,,,,,
2020-12-03,13921360,267228,198402724,100755,173404,1781.14,1.84144e+06,0.0982261,0.0941679,3.23037,2.15358,4.84556,,,,,,,,,,,,,,,,
2020-12-04,14146191,269791,200257441,101276,177848,1951.29,1.80622e+06,0.103007,0.0984642,3.24958,2.16639,4.87438,,,,,,,,,,,,,,,,
2020-12-05,14359071,272252,202448340,101192,186185,2125,1.88234e+06,0.103705,0.0989113,3.15879,2.10586,4.73819,,,,,,,,,,,,,,,,
2020-12-06,14536872,273398,204096646,101501,192265,2174,1.9384e+06,0.104123,0.0991874,3.12371,2.08247,4.68556,,,,,,,,,,,,,,,,
2020-12-07,14717065,274745,205932034,102148,196923,2204.14,1.97269e+06,0.104764,0.0998243,3.0983,2.06553,4.64745,,,,,,,,,,,,,,,,
