date,total_cases,total_tests,daily_positive_7day_ma,daily_tests_7day_ma,positivity_rate_orig_7day_ma,positivity_rate_7day_ma,prevalence_ratio_mean,prevalence_ratio_lower,prevalence_ratio_upper,rt_mean,new_infected_mean,new_infected_lower,new_infected_upper,current_infected_mean,current_infected_lower,current_infected_upper,perc_current_infected_mean,perc_current_infected_lower,perc_current_infected_upper,total_infected_mean,total_infected_lower,total_infected_upper,perc_total_infected_mean,perc_total_infected_lower,perc_total_infected_upper
2020-02-12,0,0,,,,,,,,,55.2857,36.8571,82.9286,55.2857,36.8571,82.9286,1.66586e-07,1.11057e-07,2.49878e-07,55.2857,36.8571,82.9286,1.66586e-07,1.11057e-07,2.49878e-07
2020-02-13,0,0,,,,,,,,,133.634,89.0896,200.452,188.92,125.947,283.38,5.6925e-07,3.795e-07,8.53875e-07,188.92,125.947,283.38,5.6925e-07,3.795e-07,8.53875e-07
2020-02-14,0,0,,,,,,,,,192.088,128.059,288.132,381.008,254.005,571.512,1.14804e-06,7.65363e-07,1.72207e-06,381.008,254.005,571.512,1.14804e-06,7.65363e-07,1.72207e-06
2020-02-15,0,0,,,,,,,,,265.402,176.935,398.104,646.411,430.94,969.616,1.94775e-06,1.2985e-06,2.92162e-06,646.411,430.94,969.616,1.94775e-06,1.2985e-06,2.92162e-06
2020-02-16,0,0,,,,,,,,,560.798,373.865,841.197,1207.21,804.806,1810.81,3.63753e-06,2.42502e-06,5.4563e-06,1207.21,804.806,1810.81,3.63753e-06,2.42502e-06,5.4563e-06
2020-02-17,0,0,,,,,,,,,679.208,452.806,1018.81,1886.42,1257.61,2829.63,5.68411e-06,3.7894e-06,8.52616e-06,1886.42,1257.61,2829.63,5.68411e-06,3.7894e-06,8.52616e-06
2020-02-18,0,0,,,,,,,,,831.25,554.166,1246.87,2717.67,1811.78,4076.5,8.18881e-06,5.45921e-06,1.22832e-05,2717.67,1811.78,4076.5,8.18881e-06,5.45921e-06,1.22832e-05
2020-02-19,0,0,,,,,,,,,1051.43,700.952,1577.14,3769.09,2512.73,5653.64,1.13569e-05,7.5713e-06,1.70354e-05,3769.09,2512.73,5653.64,1.13569e-05,7.5713e-06,1.70354e-05
2020-02-20,0,0,,,,,,,,,1319.44,879.629,1979.17,5088.54,3392.36,7632.81,1.53327e-05,1.02218e-05,2.2999e-05,5088.54,3392.36,7632.81,1.53327e-05,1.02218e-05,2.2999e-05
2020-02-21,0,0,,,,,,,,,1648.12,1098.74,2472.18,6736.66,4491.1,10105,2.02987e-05,1.35325e-05,3.04481e-05,6736.66,4491.1,10105,2.02987e-05,1.35325e-05,3.04481e-05
2020-02-22,0,0,,,,,,,,,2057.5,1371.67,3086.26,8794.16,5862.77,13191.2,2.64984e-05,1.76656e-05,3.97475e-05,8794.16,5862.77,13191.2,2.64984e-05,1.76656e-05,3.97475e-05
2020-02-23,0,0,,,,,,,,,2602.66,1735.11,3904,11396.8,7597.88,17095.2,3.43406e-05,2.28938e-05,5.1511e-05,11396.8,7597.88,17095.2,3.43406e-05,2.28938e-05,5.1511e-05
2020-02-24,0,0,,,,,,,,,3330.66,2220.44,4995.99,14727.5,9818.32,22091.2,4.43765e-05,2.95843e-05,6.65647e-05,14727.5,9818.32,22091.2,4.43765e-05,2.95843e-05,6.65647e-05
2020-02-25,0,0,,,,,,,,,4267.25,2844.83,6400.87,18994.7,12663.2,28492.1,5.72345e-05,3.81563e-05,8.58517e-05,18994.7,12663.2,28492.1,5.72345e-05,3.81563e-05,8.58517e-05
2020-02-26,0,0,,,,,,,,,5372.49,3581.66,8058.74,24367.2,16244.8,36550.8,7.34227e-05,4.89485e-05,0.000110134,24367.2,16244.8,36550.8,7.34227e-05,4.89485e-05,0.000110134
2020-02-27,0,0,,,,,,,,,6739.89,4493.26,10109.8,31051.8,20701.2,46577.7,9.35646e-05,6.23764e-05,0.000140347,31107.1,20738.1,46660.7,9.37312e-05,6.24875e-05,0.000140597
2020-02-28,0,0,,,,,,,,,8484.07,5656.05,12726.1,39402.3,26268.2,59103.4,0.000118726,7.91506e-05,0.000178089,39591.2,26394.1,59386.8,0.000119295,7.95301e-05,0.000178943
2020-02-29,18,42,2.57143,6,0.428571,0.428571,103.212,68.808,154.818,3.17891,10599.1,7066.05,15898.6,49809.2,33206.2,74713.9,0.000150084,0.000100056,0.000225126,50190.3,33460.2,75285.4,0.000151232,0.000100821,0.000226848
2020-03-01,50,131,7.14286,18.7143,0.381679,0.381679,78.5117,52.3412,117.768,3.15159,13205.9,8803.97,19808.9,62749.8,41833.2,94124.7,0.000189076,0.000126051,0.000283614,63396.2,42264.1,95094.3,0.000191024,0.000127349,0.000286536
2020-03-02,94,336,13.4286,48,0.283133,0.279762,50.5794,33.7196,75.869,3.12178,16603,11068.7,24904.6,78792,52528,118188,0.000237414,0.000158276,0.000356121,79999.2,53332.8,119999,0.000241052,0.000160701,0.000361578
2020-03-03,144,605,20.5714,86.4286,0.24,0.238017,40.408,26.9386,60.612,3.09625,20824.1,13882.7,31236.2,98936.9,65958,148405,0.000298114,0.000198743,0.000447172,100823,67215.6,151235,0.000303799,0.000202532,0.000455698
2020-03-04,284,1658,40.5714,237.113,0.172017,0.171106,25.9155,17.277,38.8732,3.06818,26033.6,17355.7,39050.4,124139,82759.5,186209,0.000374053,0.000249369,0.00056108,126857,84571.3,190285,0.000382242,0.000254828,0.000573363
2020-03-05,386,2242,55.1429,320.649,0.173639,0.171973,23.9277,15.9518,35.8916,3.03579,32508.8,21672.5,48763.2,155597,103731,233395,0.00046884,0.00031256,0.00070326,159366,106244,239049,0.000480197,0.000320131,0.000720295
2020-03-06,505,3014,72.1429,431.206,0.16884,0.167305,22.8452,15.2301,34.2678,2.98599,40687.5,27125,61031.3,194965,129976,292447,0.000587463,0.000391642,0.000881194,200053,133369,300080,0.000602796,0.000401864,0.000904193
2020-03-07,672,3865,93.4286,546.934,0.172696,0.170822,22.0222,14.6815,33.0333,2.91468,49573.6,33049,74360.4,242890,161927,364335,0.000731871,0.000487914,0.00109781,249627,166418,374440,0.00075217,0.000501446,0.00112825
2020-03-08,872,11296,117.429,1596.12,0.0739874,0.0735711,22.1638,14.7759,33.2457,2.82232,59724.1,39816,89586.1,300557,200371,450835,0.00090563,0.000603754,0.00135845,309351,206234,464026,0.000932129,0.000621419,0.00139819
2020-03-09,1166,13113,153.143,1827.16,0.0839008,0.0838148,21.7487,14.4991,32.623,2.71075,71377.5,47585,107066,369331,246221,553997,0.00111286,0.000741907,0.00166929,380728,253819,571092,0.0011472,0.000764801,0.0017208
2020-03-10,1573,15809,204.143,2174.61,0.0939884,0.0938754,20.9032,13.9355,31.3548,2.57623,84214.9,56143.2,126322,450216,300144,675324,0.00135658,0.000904386,0.00203487,464943,309962,697415,0.00140096,0.00093397,0.00210143
2020-03-11,2075,19749,255.857,2587.46,0.0993841,0.0988835,20.998,13.9987,31.497,2.43827,98544.1,65696.1,147816,544493,362995,816739,0.00164065,0.00109377,0.00246098,563487,375658,845231,0.00169789,0.00113192,0.00254683
2020-03-12,2761,26428,339.286,3461.47,0.0990078,0.0980178,19.8649,13.2433,29.7974,2.30288,113335,75556.7,170002,652455,434970,978683,0.00196596,0.00131064,0.00294894,676822,451215,1.01523e+06,0.00203938,0.00135959,0.00305908
2020-03-13,3816,37496,473,4935.92,0.0969575,0.0958282,17.9367,11.9578,26.9051,2.17075,127770,85179.9,191655,773485,515657,1.16023e+06,0.00233065,0.00155376,0.00349597,804592,536395,1.20689e+06,0.00242438,0.00161625,0.00363657
2020-03-14,4737,44769,580.714,5860.86,0.100671,0.0990834,18.2518,12.1679,27.3777,2.04918,144190,96126.5,216285,909191,606127,1.36379e+06,0.00273955,0.00182637,0.00410933,948782,632521,1.42317e+06,0.00285885,0.0019059,0.00428827
2020-03-15,6000,54524,732.571,6199.65,0.120591,0.118163,18.0268,12.0179,27.0403,1.94231,161714,107809,242571,1.06031e+06,706870,1.59046e+06,0.00319489,0.00212993,0.00479233,1.1105e+06,740331,1.66574e+06,0.00334612,0.00223075,0.00501918
2020-03-16,7785,76898,945.571,9152.73,0.105435,0.10331,17.5587,11.7058,26.3381,1.84295,179043,119362,268564,1.22614e+06,817428,1.83921e+06,0.00369458,0.00246306,0.00554187,1.28954e+06,859692,1.93431e+06,0.00388561,0.0025904,0.00582841
2020-03-17,10349,99130,1253.71,11959.8,0.107217,0.104827,16.6099,11.0733,24.9149,1.75308,197145,131430,295718,1.40668e+06,937790,2.11003e+06,0.00423859,0.00282573,0.00635788,1.48668e+06,991122,2.23003e+06,0.00447964,0.00298643,0.00671946
2020-03-18,13386,129330,1615.86,15732.4,0.10322,0.102709,16.1113,10.7409,24.167,1.66898,213872,142582,320809,1.59973e+06,1.06649e+06,2.3996e+06,0.00482028,0.00321352,0.00723041,1.70056e+06,1.1337e+06,2.55083e+06,0.00512407,0.00341605,0.00768611
2020-03-19,18092,162222,2190.14,19467.6,0.112899,0.112502,14.8432,9.89548,22.2648,1.58713,229362,152908,344043,1.80306e+06,1.20204e+06,2.70459e+06,0.00543294,0.00362196,0.00814941,1.92992e+06,1.28661e+06,2.89488e+06,0.00581518,0.00387679,0.00872278
2020-03-20,24213,205340,2913.86,24053.7,0.121524,0.12114,13.9635,9.30897,20.9452,1.51028,244229,162819,366343,2.01478e+06,1.34319e+06,3.02217e+06,0.00607089,0.00404726,0.00910634,2.17415e+06,1.44943e+06,3.26122e+06,0.00655109,0.00436739,0.00982663
2020-03-21,31021,254812,3754.86,30089.9,0.125136,0.124788,13.2025,8.80168,19.8038,1.43496,256285,170857,384427,2.23038e+06,1.48692e+06,3.34557e+06,0.00672052,0.00448035,0.0100808,2.43043e+06,1.62029e+06,3.64565e+06,0.00732332,0.00488221,0.010985
2020-03-22,40191,304543,4884.43,35805.2,0.136754,0.136417,12.2274,8.15163,18.3412,1.36009,265617,177078,398425,2.44642e+06,1.63095e+06,3.66963e+06,0.0073715,0.00491433,0.0110573,2.69605e+06,1.79737e+06,4.04407e+06,0.00812367,0.00541578,0.0121855
2020-03-23,51623,362791,6262.57,40936,0.153337,0.152984,11.3975,7.59831,17.0962,1.29053,273518,182345,410277,2.66022e+06,1.77348e+06,3.99032e+06,0.0080157,0.0053438,0.0120235,2.96957e+06,1.97971e+06,4.45435e+06,0.00894783,0.00596522,0.0134217
2020-03-24,62379,434506,7432.86,48018.1,0.155582,0.154793,11.3301,7.55339,16.9951,1.22685,278045,185363,417068,2.86688e+06,1.91126e+06,4.30032e+06,0.00863842,0.00575895,0.0129576,3.24761e+06,2.16507e+06,4.87142e+06,0.00978563,0.00652375,0.0146784
2020-03-25,75278,523662,8841.71,56440.1,0.157784,0.156657,11.1454,7.43024,16.718,1.16896,280814,187210,421221,3.06348e+06,2.04232e+06,4.59522e+06,0.00923081,0.00615388,0.0138462,3.52843e+06,2.35228e+06,5.29264e+06,0.0106318,0.00708785,0.0159477
2020-03-26,93001,631921,10701.3,67286.8,0.161343,0.15904,10.5908,7.06052,15.8862,1.11928,282890,188594,424336,3.24783e+06,2.16522e+06,4.87174e+06,0.00978628,0.00652419,0.0146794,3.81132e+06,2.54088e+06,5.71697e+06,0.0114842,0.00765611,0.0172263
2020-03-27,112246,741319,12576.1,76787.6,0.166495,0.163778,10.1597,6.77314,15.2396,1.07555,282732,188488,424099,3.41723e+06,2.27815e+06,5.12584e+06,0.0102967,0.00686447,0.0154451,4.09405e+06,2.72937e+06,6.14107e+06,0.0123361,0.00822406,0.0185041
2020-03-28,131847,834686,14403.7,83056.8,0.177023,0.17342,10.0106,6.67373,15.0159,1.03768,280685,187123,421027,3.57014e+06,2.38009e+06,5.35521e+06,0.0107575,0.00717164,0.0161362,4.37473e+06,2.91649e+06,6.5621e+06,0.0131818,0.0087879,0.0197728
2020-03-29,151292,918268,15871.6,87905.9,0.184521,0.180552,10.1889,6.79261,15.2834,1.00577,277921,185281,416882,3.70387e+06,2.46925e+06,5.55581e+06,0.0111604,0.00744028,0.0167406,4.65265e+06,3.10177e+06,6.97898e+06,0.0140193,0.00934618,0.0210289
2020-03-30,172777,1034881,17307.7,96234.1,0.183877,0.17985,10.3447,6.89645,15.517,0.977929,273173,182116,409760,3.81533e+06,2.54355e+06,5.723e+06,0.0114963,0.00766418,0.0172444,4.92583e+06,3.28389e+06,7.38874e+06,0.0148424,0.00989493,0.0222636
2020-03-31,197951,1149473,19367.4,102341,0.18962,0.189244,10.1792,6.78614,15.2688,0.953923,267951,178634,401926,3.90424e+06,2.60283e+06,5.85636e+06,0.0117642,0.00784278,0.0176462,5.19378e+06,3.46252e+06,7.79067e+06,0.0156498,0.0104332,0.0234747
2020-04-01,224079,1261887,21257.3,105622,0.201566,0.201257,10.0611,6.70742,15.0917,0.935107,261932,174621,392898,3.96903e+06,2.64602e+06,5.95354e+06,0.0119594,0.00797292,0.0179391,5.45571e+06,3.63714e+06,8.18357e+06,0.016439,0.0109593,0.0246585
2020-04-02,252116,1384668,22730.7,107648,0.211379,0.211158,10.0904,6.72694,15.1356,0.919709,255114,170076,382672,4.01027e+06,2.67351e+06,6.0154e+06,0.0120836,0.00805576,0.0181255,5.71083e+06,3.80722e+06,8.56624e+06,0.0172077,0.0114718,0.0258116
2020-04-03,283993,1519916,24535.3,111482,0.220585,0.220083,9.95418,6.63612,14.9313,0.908436,249127,166084,373690,4.03003e+06,2.68669e+06,6.04505e+06,0.0121432,0.00809547,0.0182148,5.95995e+06,3.9733e+06,8.93993e+06,0.0179584,0.0119723,0.0269376
2020-04-04,316860,1748261,26430.4,130871,0.202515,0.201958,9.69658,6.46439,14.5449,0.901735,244352,162901,366528,4.03016e+06,2.68677e+06,6.04524e+06,0.0121436,0.00809572,0.0182154,6.2043e+06,4.1362e+06,9.30646e+06,0.0186947,0.0124631,0.028042
2020-04-05,342494,1870444,27314.6,136497,0.200805,0.20011,9.72437,6.48291,14.5866,0.899663,238949,159299,358424,4.01282e+06,2.67521e+06,6.01923e+06,0.0120913,0.00806089,0.018137,6.44325e+06,4.2955e+06,9.66488e+06,0.0194147,0.0129431,0.029122
2020-04-06,370904,2021980,28303.9,141587,0.200716,0.199905,9.66362,6.44242,14.4954,0.901081,234135,156090,351203,3.98134e+06,2.65423e+06,5.97201e+06,0.0119965,0.00799765,0.0179947,6.67739e+06,4.45159e+06,1.00161e+07,0.0201201,0.0134134,0.0301802
2020-04-07,401606,2176400,29093.6,147451,0.198315,0.197311,9.55693,6.37129,14.3354,0.905043,229676,153117,344514,3.9375e+06,2.625e+06,5.90625e+06,0.0118644,0.00790958,0.0177966,6.90706e+06,4.60471e+06,1.03606e+07,0.0208122,0.0138748,0.0312183
2020-04-08,432513,2334628,29776.3,154241,0.1943,0.193051,9.4308,6.2872,14.1462,0.909468,227185,151456,340777,3.88664e+06,2.59109e+06,5.82996e+06,0.0117111,0.00780742,0.0175667,7.13425e+06,4.75617e+06,1.07014e+07,0.0214967,0.0143312,0.0322451
2020-04-09,467629,2508799,30787.6,161704,0.191715,0.190395,9.18846,6.12564,13.7827,0.914368,224517,149678,336775,3.83034e+06,2.55356e+06,5.74551e+06,0.0115415,0.00769433,0.0173122,7.35877e+06,4.90584e+06,1.10381e+07,0.0221733,0.0147822,0.0332599
2020-04-10,501102,2663921,31015.6,164471,0.18978,0.188577,9.11582,6.07721,13.6737,0.917665,220819,147213,331228,3.76827e+06,2.51218e+06,5.6524e+06,0.0113545,0.00756964,0.0170317,7.57958e+06,5.05306e+06,1.13694e+07,0.0228386,0.0152257,0.0342579
2020-04-11,532194,2805693,30762,152202,0.203639,0.202113,9.1244,6.08294,13.6866,0.918692,216686,144457,325029,3.70222e+06,2.46815e+06,5.55333e+06,0.0111554,0.00743696,0.0167332,7.79627e+06,5.19751e+06,1.16944e+07,0.0234915,0.015661,0.0352373
2020-04-12,560196,2945132,31100.3,154833,0.202572,0.200863,8.93629,5.95753,13.4044,0.915911,212695,141797,319042,3.63423e+06,2.42282e+06,5.45135e+06,0.0109506,0.00730039,0.0164259,8.00896e+06,5.33931e+06,1.20134e+07,0.0241324,0.0160883,0.0361986
2020-04-13,584580,3076125,30525.1,152183,0.202701,0.200582,8.94913,5.96609,13.4237,0.910288,208318,138879,312477,3.56463e+06,2.37642e+06,5.34694e+06,0.0107409,0.00716057,0.0161113,8.21728e+06,5.47819e+06,1.23259e+07,0.0247601,0.0165067,0.0371402
2020-04-14,610660,3236893,29864.9,153173,0.197129,0.194974,8.97211,5.98141,13.4582,0.902531,203744,135829,305616,3.4952e+06,2.33013e+06,5.2428e+06,0.0105316,0.0070211,0.0157975,8.42103e+06,5.61402e+06,1.26315e+07,0.025374,0.016916,0.0380611
2020-04-15,640519,3383547,29715.1,151685,0.198305,0.1959,8.81476,5.8765,13.2221,0.893372,197072,131381,295607,3.42432e+06,2.28288e+06,5.13648e+06,0.0103181,0.00687872,0.0154771,8.6181e+06,5.7454e+06,1.29271e+07,0.0259678,0.0173119,0.0389518
2020-04-16,672100,3559634,29210.1,152317,0.19458,0.191773,8.73376,5.82251,13.1006,0.883271,190567,127045,285850,3.35295e+06,2.2353e+06,5.02943e+06,0.010103,0.00673536,0.0151546,8.80867e+06,5.87244e+06,1.3213e+07,0.0265421,0.0176947,0.0398131
2020-04-17,704079,3723433,28996.7,153919,0.191576,0.18839,8.59155,5.7277,12.8873,0.87504,185007,123338,277511,3.28285e+06,2.18857e+06,4.92427e+06,0.0098918,0.00659453,0.0148377,8.99367e+06,5.99578e+06,1.34905e+07,0.0270995,0.0180663,0.0406493
2020-04-18,731906,3880418,28530.3,156368,0.185826,0.182456,8.56466,5.70977,12.847,0.868272,179438,119625,269157,3.21316e+06,2.14211e+06,4.81974e+06,0.00968181,0.00645454,0.0145227,9.17311e+06,6.11541e+06,1.37597e+07,0.0276402,0.0184268,0.0414603
2020-04-19,759178,4032531,28426,158171,0.182989,0.179717,8.40601,5.604,12.609,0.863541,174273,116182,261410,3.14308e+06,2.09539e+06,4.71462e+06,0.00947065,0.00631377,0.014206,9.34738e+06,6.23159e+06,1.40211e+07,0.0281653,0.0187769,0.042248
2020-04-20,785282,4180204,28671.7,160500,0.181782,0.178639,8.16607,5.44404,12.2491,0.860403,169351,112901,254027,3.07348e+06,2.04899e+06,4.61022e+06,0.00926094,0.00617396,0.0138914,9.51673e+06,6.34449e+06,1.42751e+07,0.0286756,0.0191171,0.0430134
2020-04-21,811500,4346155,28691.4,161323,0.181057,0.177851,8.00505,5.3367,12.0076,0.85698,163907,109271,245860,3.00325e+06,2.00217e+06,4.50488e+06,0.00904933,0.00603289,0.013574,9.68064e+06,6.45376e+06,1.4521e+07,0.0291695,0.0194463,0.0437542
2020-04-22,840631,4684492,28587.4,188613,0.15382,0.151567,7.94701,5.29801,11.9205,0.853284,158985,105990,238477,2.93256e+06,1.95504e+06,4.39884e+06,0.00883633,0.00589088,0.0132545,9.83963e+06,6.55975e+06,1.47594e+07,0.0296485,0.0197657,0.0444728
2020-04-23,872601,4892444,28643,192996,0.150435,0.148413,7.83844,5.22563,11.7577,0.849078,153867,102578,230800,2.85924e+06,1.90616e+06,4.28887e+06,0.00861541,0.0057436,0.0129231,9.99349e+06,6.66233e+06,1.49902e+07,0.0301122,0.0200748,0.0451682
2020-04-24,906881,5133872,28971.7,204025,0.143786,0.142001,7.62188,5.08125,11.4328,0.842745,147412,98274.7,221118,2.78214e+06,1.85476e+06,4.17321e+06,0.00838308,0.00558872,0.0125746,1.01409e+07,6.7606e+06,1.52114e+07,0.0305563,0.0203709,0.0458345
2020-04-25,942532,5408122,30089.4,220722,0.137871,0.136323,7.2014,4.80093,10.8021,0.83538,141492,94327.7,212237,2.70281e+06,1.80187e+06,4.05422e+06,0.00814405,0.00542937,0.0122161,1.02824e+07,6.85493e+06,1.54236e+07,0.0309827,0.0206551,0.046474
2020-04-26,969584,5614357,30058,228592,0.133015,0.131492,7.07614,4.71743,10.6142,0.828623,135372,90248.2,203058,2.6215e+06,1.74767e+06,3.93225e+06,0.00789904,0.00526603,0.0118486,1.04178e+07,6.94518e+06,1.56267e+07,0.0313906,0.020927,0.0470859
2020-04-27,992183,5813615,29557.3,236054,0.126668,0.125214,7.04793,4.69862,10.5719,0.822832,129574,86382.6,194361,2.53838e+06,1.69225e+06,3.80757e+06,0.00764858,0.00509905,0.0114729,1.05473e+07,7.03156e+06,1.5821e+07,0.031781,0.0211873,0.0476715
2020-04-28,1017548,6023314,29435.4,242347,0.122855,0.12146,6.92173,4.61449,10.3826,0.821764,124408,82939,186613,2.45447e+06,1.63631e+06,3.6817e+06,0.00739575,0.0049305,0.0110936,1.06718e+07,7.1145e+06,1.60076e+07,0.0321559,0.0214372,0.0482338
2020-04-29,1043778,6274556,29021,230219,0.12776,0.126058,6.79065,4.5271,10.186,0.825145,119704,79802.9,179557,2.37043e+06,1.58029e+06,3.55564e+06,0.00714252,0.00476168,0.0107138,1.07915e+07,7.1943e+06,1.61872e+07,0.0325166,0.0216777,0.0487748
2020-04-30,1073758,6540925,28736.7,238790,0.122026,0.120343,6.63148,4.42099,9.94722,0.832995,115593,77061.9,173389,2.28895e+06,1.52597e+06,3.43343e+06,0.00689701,0.00459801,0.0103455,1.0907e+07,7.27137e+06,1.63606e+07,0.0328649,0.0219099,0.0492973
2020-05-01,1106553,6823706,28524.6,244903,0.118161,0.116473,6.48589,4.32392,9.72883,0.845435,113494,75663,170242,2.21188e+06,1.47459e+06,3.31782e+06,0.00666478,0.00444318,0.00999717,1.10205e+07,7.34703e+06,1.65308e+07,0.0332068,0.0221379,0.0498103
2020-05-02,1135592,7094038,27580,244481,0.114513,0.11281,6.50608,4.33739,9.75913,0.86179,111325,74217,166988,2.1382e+06,1.42546e+06,3.20729e+06,0.00644276,0.00429517,0.00966414,1.11319e+07,7.42125e+06,1.66978e+07,0.0335423,0.0223615,0.0503134
2020-05-03,1161126,7322970,27363.1,247892,0.112104,0.110383,6.36891,4.24594,9.55337,0.878605,109586,73057.4,164379,2.06834e+06,1.3789e+06,3.10252e+06,0.00623229,0.00415486,0.00934843,1.12415e+07,7.4943e+06,1.68622e+07,0.0338725,0.0225817,0.0508087
2020-05-04,1183627,7561530,27349.1,253533,0.109527,0.107872,6.19219,4.12813,9.28828,0.895986,107984,71989.4,161976,2.00205e+06,1.3347e+06,3.00308e+06,0.00603254,0.0040217,0.00904882,1.13494e+07,7.56629e+06,1.70242e+07,0.0341979,0.0227986,0.0512968
2020-05-05,1206137,7835385,26941.3,262987,0.104074,0.102443,6.08384,4.0559,9.12577,0.910104,106696,71130.6,160044,1.9394e+06,1.29293e+06,2.9091e+06,0.00584375,0.00389584,0.00876563,1.14561e+07,7.63742e+06,1.71842e+07,0.0345194,0.0230129,0.051779
2020-05-06,1231282,8113179,26786.3,268202,0.101981,0.0998735,5.9353,3.95687,8.90296,0.920699,105521,70347.2,158281,1.88101e+06,1.25401e+06,2.82152e+06,0.00566783,0.00377855,0.00850174,1.15617e+07,7.70777e+06,1.73425e+07,0.0348373,0.0232249,0.052256
2020-05-07,1258686,8428717,26418.3,275442,0.0979599,0.0959124,5.82425,3.88283,8.73638,0.927127,104493,69662.1,156740,1.82652e+06,1.21768e+06,2.73978e+06,0.00550363,0.00366909,0.00825545,1.16661e+07,7.77743e+06,1.74992e+07,0.0351522,0.0234348,0.0527282
2020-05-08,1285665,8733377,25587.4,279263,0.0937921,0.0916248,5.76111,3.84074,8.64167,0.928919,102706,68470.4,154058,1.77536e+06,1.18357e+06,2.66304e+06,0.00534948,0.00356632,0.00802421,1.17689e+07,7.8459e+06,1.76533e+07,0.0354616,0.0236411,0.0531924
2020-05-09,1310851,9040070,25037,284941,0.0900597,0.0878672,5.6513,3.76753,8.47695,0.925933,100784,67189.6,151177,1.72873e+06,1.15249e+06,2.5931e+06,0.00520898,0.00347265,0.00781347,1.18696e+07,7.91309e+06,1.78045e+07,0.0357653,0.0238435,0.053648
2020-05-10,1331733,9303194,24372.4,290197,0.0861554,0.0839857,5.55432,3.70288,8.33148,0.921489,98784.9,65856.6,148177,1.68603e+06,1.12402e+06,2.52904e+06,0.0050803,0.00338686,0.00762044,1.19684e+07,7.97895e+06,1.79526e+07,0.036063,0.024042,0.0540945
2020-05-11,1350032,9691448,23772.1,312305,0.0781274,0.0761184,5.45066,3.63378,8.17599,0.915763,96512.6,64341.8,144769,1.64717e+06,1.09811e+06,2.47075e+06,0.0049632,0.0033088,0.00744481,1.20649e+07,8.04329e+06,1.80974e+07,0.0363538,0.0242359,0.0545307
2020-05-12,1372591,10018758,23779.1,320414,0.0762371,0.0742138,5.23183,3.48789,7.84775,0.910717,94266.5,62844.3,141400,1.61186e+06,1.07457e+06,2.41779e+06,0.00485682,0.00323788,0.00728523,1.21592e+07,8.10614e+06,1.82388e+07,0.0366378,0.0244252,0.0549567
2020-05-13,1394218,10352847,23276.6,328549,0.0727501,0.0708466,5.1427,3.42846,7.71405,0.90821,92294.8,61529.8,138442,1.57975e+06,1.05316e+06,2.36962e+06,0.00476005,0.00317337,0.00714008,1.22515e+07,8.16766e+06,1.83772e+07,0.0369159,0.0246106,0.0553739
2020-05-14,1420931,10736084,23177.9,339152,0.0703161,0.0683406,4.98721,3.32481,7.48082,0.909261,90559.6,60373.1,135839,1.5506e+06,1.03373e+06,2.3259e+06,0.00467223,0.00311482,0.00700835,1.23421e+07,8.22804e+06,1.85131e+07,0.0371888,0.0247925,0.0557832
2020-05-15,1446353,11141567,22955.4,353489,0.0667256,0.0649395,4.94412,3.29608,7.41618,0.914421,89093.3,59395.6,133640,1.5241e+06,1.01607e+06,2.28615e+06,0.00459239,0.00306159,0.00688858,1.24312e+07,8.28743e+06,1.86467e+07,0.0374572,0.0249715,0.0561859
2020-05-16,1469946,11511660,22727.9,362494,0.0643695,0.0626985,4.89819,3.26546,7.34729,0.923429,88384.2,58922.8,132576,1.49899e+06,999328,2.24849e+06,0.00451673,0.00301115,0.00677509,1.25195e+07,8.34636e+06,1.87793e+07,0.0377236,0.025149,0.0565853
2020-05-17,1490090,11856096,22622.4,373686,0.0620302,0.0605386,4.84413,3.22942,7.2662,0.934356,87970.3,58646.9,131955,1.47564e+06,983758,2.21345e+06,0.00444635,0.00296423,0.00666953,1.26075e+07,8.405e+06,1.89113e+07,0.0379886,0.0253258,0.056983
2020-05-18,1510938,12219826,22986.6,369805,0.06364,0.0621586,4.6977,3.1318,7.04656,0.945021,87749.9,58499.9,131625,1.4538e+06,969200,2.1807e+06,0.00438056,0.00292037,0.00657083,1.26953e+07,8.4635e+06,1.90429e+07,0.038253,0.025502,0.0573796
2020-05-19,1531816,12616958,22746.4,379451,0.0612828,0.0599456,4.69067,3.12711,7.036,0.95468,87406.9,58271.3,131110,1.43322e+06,955482,2.14983e+06,0.00431855,0.00287904,0.00647783,1.27827e+07,8.52177e+06,1.9174e+07,0.0385164,0.0256776,0.0577746
2020-05-20,1553074,13056086,22693.7,392320,0.0587651,0.057845,4.64978,3.09985,6.97467,0.960444,86877,57918,130315,1.4134e+06,942269,2.12011e+06,0.00425884,0.00283922,0.00638825,1.28695e+07,8.57969e+06,1.93043e+07,0.0387782,0.0258521,0.0581673
2020-05-21,1579817,13550524,22698,407672,0.0564539,0.0556771,4.60362,3.06908,6.90544,0.962113,86015.7,57343.8,129024,1.3939e+06,929266,2.09085e+06,0.00420006,0.00280004,0.00630009,1.29556e+07,8.63704e+06,1.94333e+07,0.0390374,0.0260249,0.0585561
2020-05-22,1603990,13959189,22519.6,408295,0.0559468,0.0551551,4.56073,3.04048,6.84109,0.960758,85287.8,56858.5,127932,1.37469e+06,916462,2.06204e+06,0.00414219,0.00276146,0.00621329,1.30408e+07,8.69389e+06,1.95613e+07,0.0392944,0.0261962,0.0589415
2020-05-23,1626355,14379849,22344.1,415491,0.0545323,0.0537777,4.51055,3.00704,6.76583,0.957801,83899.7,55933.2,125850,1.35589e+06,903925,2.03383e+06,0.00408553,0.00272369,0.00612829,1.31247e+07,8.74983e+06,1.96871e+07,0.0395472,0.0263648,0.0593207
2020-05-24,1645214,14736313,22252,418295,0.0540806,0.053197,4.43937,2.95958,6.65906,0.954697,82590.2,55060.1,123885,1.33769e+06,891796,2.00654e+06,0.00403071,0.00268714,0.00604606,1.32073e+07,8.80489e+06,1.9811e+07,0.039796,0.0265307,0.059694
2020-05-25,1663745,15159912,21921,428229,0.0521913,0.0511899,4.40275,2.93516,6.60412,0.955041,81774.6,54516.4,122662,1.32068e+06,880455,1.98102e+06,0.00397945,0.00265297,0.00596918,1.32891e+07,8.8594e+06,1.99337e+07,0.0400424,0.0266949,0.0600636
2020-05-26,1680723,15474407,21363.9,417516,0.0523358,0.0511689,4.41243,2.94162,6.61864,0.959159,81241.1,54160.7,121862,1.30541e+06,870274,1.95812e+06,0.00393344,0.00262229,0.00590015,1.33703e+07,8.91357e+06,2.00555e+07,0.0402872,0.0268581,0.0604308
2020-05-27,1700136,15887646,21100.3,415355,0.0521628,0.0508006,4.3741,2.91607,6.56115,0.969392,81312.5,54208.3,121969,1.29246e+06,861638,1.93869e+06,0.0038944,0.00259627,0.0058416,1.34517e+07,8.96777e+06,2.01775e+07,0.0405322,0.0270215,0.0607983
2020-05-28,1722794,16352853,20516.7,411296,0.0512492,0.0498831,4.41394,2.94263,6.62092,0.985231,81853.6,54569.1,122780,1.28202e+06,854678,1.92302e+06,0.00386294,0.00257529,0.00579441,1.35335e+07,9.02234e+06,2.03003e+07,0.0407789,0.0271859,0.0611683
2020-05-29,1746382,16865351,20433.1,426278,0.0492168,0.0479339,4.36024,2.90682,6.54036,1.00499,82452.4,54968.3,123679,1.27391e+06,849273,1.91086e+06,0.00383851,0.00255901,0.00575777,1.3616e+07,9.07731e+06,2.04239e+07,0.0410273,0.0273515,0.061541
2020-05-30,1769819,17309363,20586.3,430264,0.0491904,0.0478457,4.29335,2.86224,6.44003,1.02829,84044.5,56029.7,126067,1.26886e+06,845907,1.90329e+06,0.0038233,0.00254887,0.00573495,1.37e+07,9.13334e+06,2.055e+07,0.0412805,0.0275204,0.0619208
2020-05-31,1791211,17731142,20856.7,438209,0.0487497,0.0475953,4.21784,2.81189,6.32676,1.05469,85771.6,57181.1,128657,1.26625e+06,844165,1.89937e+06,0.00381543,0.00254362,0.00572314,1.37858e+07,9.19052e+06,2.06787e+07,0.041539,0.0276927,0.0623085
2020-06-01,1811571,18143989,20616,434128,0.0483607,0.0474883,4.2564,2.8376,6.38459,1.08119,87781.1,58520.7,131672,1.26606e+06,844039,1.89909e+06,0.00381486,0.00254324,0.00572229,1.38736e+07,9.24904e+06,2.08103e+07,0.0418035,0.027869,0.0627052
2020-06-02,1831729,18584482,21070.3,450150,0.0474239,0.0468073,4.14835,2.76557,6.22253,1.10875,90665.1,60443.4,135998,1.26897e+06,845983,1.90346e+06,0.00382364,0.00254909,0.00573546,1.39642e+07,9.30949e+06,2.09463e+07,0.0420767,0.0280511,0.063115
2020-06-03,1851884,19056183,21176.3,456831,0.0467831,0.0463547,4.10256,2.73504,6.15384,1.13592,93841.7,62561.1,140763,1.27541e+06,850272,1.91311e+06,0.00384303,0.00256202,0.00576455,1.40581e+07,9.37205e+06,2.10871e+07,0.0423594,0.0282396,0.0635392
2020-06-04,1872267,19550179,20851.3,460191,0.0456503,0.0453101,4.1252,2.75013,6.1878,1.16315,97590,65060,146385,1.28612e+06,857414,1.92918e+06,0.00387531,0.00258354,0.00581297,1.41557e+07,9.43711e+06,2.12335e+07,0.0426535,0.0284357,0.0639802
2020-06-05,1895332,20139386,20776.6,470870,0.044421,0.0441237,4.105,2.73666,6.15749,1.19135,102172,68114.7,153258,1.30228e+06,868185,1.95342e+06,0.00392399,0.002616,0.00588599,1.42578e+07,9.50522e+06,2.13867e+07,0.0429614,0.0286409,0.064442
2020-06-06,1917892,20698451,20651.3,486601,0.0426542,0.0424398,4.06269,2.70846,6.09403,1.21903,106914,71276.1,160371,1.3239e+06,882603,1.98586e+06,0.00398916,0.00265944,0.00598374,1.43647e+07,9.5765e+06,2.15471e+07,0.0432835,0.0288557,0.0649253
2020-06-07,1936710,21123155,20283.6,488796,0.0418586,0.041497,4.07178,2.71452,6.10767,1.2446,113004,75335.8,169506,1.35301e+06,902005,2.02951e+06,0.00407685,0.0027179,0.00611528,1.44777e+07,9.65183e+06,2.17166e+07,0.043624,0.0290827,0.065436
2020-06-08,1953940,21533921,20338.4,490886,0.0419976,0.0414321,4.0207,2.68046,6.03104,1.26921,119833,79888.4,179749,1.39025e+06,926834,2.08538e+06,0.00418907,0.00279271,0.00628361,1.45976e+07,9.73172e+06,2.18964e+07,0.0439851,0.0293234,0.0659776
2020-06-09,1971092,21978106,19909,493582,0.0410661,0.0403357,4.08062,2.72041,6.12093,1.28961,127005,84670.2,190508,1.43548e+06,956988,2.15322e+06,0.00432536,0.00288357,0.00648804,1.47246e+07,9.81639e+06,2.20869e+07,0.0443678,0.0295785,0.0665517
2020-06-10,1991819,22425973,19990.7,492455,0.0415263,0.040594,4.06751,2.71167,6.10127,1.3057,134567,89711.4,201851,1.48881e+06,992538,2.23321e+06,0.00448604,0.00299069,0.00672906,1.48592e+07,9.9061e+06,2.22887e+07,0.0447733,0.0298488,0.0671599
2020-06-11,2013889,22904999,20231.7,495155,0.0422145,0.0408594,4.04581,2.69721,6.06871,1.31619,142565,95043.4,213848,1.55006e+06,1.03337e+06,2.32509e+06,0.0046706,0.00311374,0.00700591,1.50017e+07,1.00011e+07,2.25026e+07,0.0452028,0.0301352,0.0678042
2020-06-12,2036984,23500689,20236,497752,0.042142,0.0406548,4.07454,2.71636,6.11181,1.32055,150747,100498,226120,1.61895e+06,1.0793e+06,2.42843e+06,0.00487819,0.00325213,0.00731729,1.51525e+07,1.01016e+07,2.27287e+07,0.0456571,0.030438,0.0684856
2020-06-13,2062230,24025283,20619.7,494938,0.043386,0.0416612,4.07593,2.71729,6.1139,1.31931,159454,106302,239180,1.69595e+06,1.13064e+06,2.54393e+06,0.00511021,0.00340681,0.00766531,1.53119e+07,1.02079e+07,2.29679e+07,0.0461375,0.0307583,0.0692063
2020-06-14,2083563,24506996,20979,503413,0.0433983,0.0416736,4.08845,2.72563,6.13268,1.31371,167625,111750,251437,1.77953e+06,1.18636e+06,2.6693e+06,0.00536205,0.0035747,0.00804308,1.54795e+07,1.03197e+07,2.32193e+07,0.0466426,0.0310951,0.0699639
2020-06-15,2102217,24952547,21182.4,509085,0.0433733,0.0416089,4.14405,2.7627,6.21608,1.30237,175942,117294,263912,1.8697e+06,1.24647e+06,2.80456e+06,0.00563375,0.00375583,0.00845062,1.56555e+07,1.0437e+07,2.34832e+07,0.0471727,0.0314485,0.0707591
2020-06-16,2125485,25437589,22056.1,515857,0.0446289,0.0427563,4.11065,2.74043,6.16597,1.28744,184299,122866,276448,1.96622e+06,1.31081e+06,2.94933e+06,0.00592457,0.00394972,0.00888686,1.58398e+07,1.05599e+07,2.37597e+07,0.0477281,0.0318187,0.0715921
2020-06-17,2149390,25959842,22510.1,527926,0.0445888,0.0426388,4.16886,2.77924,6.25329,1.26896,192633,128422,288949,2.06819e+06,1.37879e+06,3.10228e+06,0.00623182,0.00415455,0.00934773,1.60324e+07,1.06883e+07,2.40486e+07,0.0483085,0.0322057,0.0724628
2020-06-18,2176478,26495581,23227,533811,0.0452821,0.0435116,4.20157,2.80105,6.30236,1.24844,199964,133309,299946,2.17431e+06,1.44954e+06,3.26147e+06,0.00655159,0.00436772,0.00982738,1.62324e+07,1.08216e+07,2.43486e+07,0.048911,0.0326074,0.0733665
2020-06-19,2207438,27108337,24350.6,535879,0.047248,0.0454404,4.19588,2.79725,6.29382,1.2259,206102,137401,309152,2.28282e+06,1.52188e+06,3.42424e+06,0.00687855,0.0045857,0.0103178,1.64385e+07,1.0959e+07,2.46577e+07,0.0495321,0.0330214,0.0742981
2020-06-20,2239388,27676741,25308.3,541771,0.0485171,0.046714,4.22447,2.81631,6.33671,1.20257,211346,140897,317019,2.392e+06,1.59467e+06,3.588e+06,0.00720751,0.00480501,0.0108113,1.66498e+07,1.10999e+07,2.49747e+07,0.0501689,0.0334459,0.0752533
2020-06-21,2268236,28208070,26381.9,547458,0.0498971,0.0481898,4.28339,2.85559,6.42508,1.17932,216773,144516,325160,2.50186e+06,1.6679e+06,3.75279e+06,0.00753854,0.00502569,0.0113078,1.68666e+07,1.12444e+07,2.52999e+07,0.050822,0.0338814,0.0762331
2020-06-22,2295415,28704687,27599.7,552608,0.0514901,0.0499445,4.34181,2.89454,6.51271,1.15907,221466,147644,332199,2.61032e+06,1.74021e+06,3.91548e+06,0.00786535,0.00524357,0.011798,1.70881e+07,1.1392e+07,2.56321e+07,0.0514894,0.0343262,0.077234
2020-06-23,2329299,29349746,29116.3,575502,0.0520976,0.0505929,4.362,2.908,6.543,1.1427,225843,150562,338765,2.71633e+06,1.81089e+06,4.0745e+06,0.00818478,0.00545652,0.0122772,1.73139e+07,1.15426e+07,2.59709e+07,0.0521699,0.0347799,0.0782548
2020-06-24,2368308,29857420,31274,572070,0.0561677,0.0546682,4.30284,2.86856,6.45426,1.13153,229820,153213,344730,2.81914e+06,1.87943e+06,4.22872e+06,0.00849458,0.00566305,0.0127419,1.75437e+07,1.16958e+07,2.63156e+07,0.0528624,0.0352416,0.0792935
2020-06-25,2407989,30505553,33073,587141,0.0577338,0.0563289,4.31062,2.87375,6.46593,1.12446,235091,156728,352637,2.91967e+06,1.94645e+06,4.3795e+06,0.00879748,0.00586499,0.0131962,1.77788e+07,1.18525e+07,2.66682e+07,0.0535707,0.0357138,0.0803561
2020-06-26,2452368,31247023,34990,608556,0.0591806,0.0574968,4.30828,2.87219,6.46243,1.12207,241687,161125,362531,3.01879e+06,2.01253e+06,4.52819e+06,0.00909615,0.0060641,0.0136442,1.80205e+07,1.20137e+07,2.70308e+07,0.054299,0.0361993,0.0814485
2020-06-27,2495261,31878332,36553.3,619284,0.0608991,0.0590251,4.36222,2.90815,6.54333,1.12259,248723,165815,373084,3.11677e+06,2.07784e+06,4.67515e+06,0.00939137,0.00626091,0.0140871,1.82692e+07,1.21795e+07,2.74039e+07,0.0550484,0.0366989,0.0825726
2020-06-28,2536592,32485110,38336.6,635589,0.0627434,0.0603166,4.37245,2.91497,6.55867,1.12385,254454,169636,381681,3.21177e+06,2.14118e+06,4.81765e+06,0.00967762,0.00645175,0.0145164,1.85237e+07,1.23491e+07,2.77855e+07,0.0558151,0.0372101,0.0837227
2020-06-29,2576357,33160537,40134.6,666375,0.0630501,0.0602282,4.38379,2.92253,6.57569,1.12305,260374,173582,390560,3.30452e+06,2.20301e+06,4.95677e+06,0.00995709,0.00663806,0.0149356,1.87841e+07,1.25227e+07,2.81761e+07,0.0565997,0.0377331,0.0848995
2020-06-30,2623987,33824217,42098.3,670632,0.0658599,0.0627741,4.37782,2.91855,6.56673,1.11963,266377,177585,399566,3.39495e+06,2.2633e+06,5.09243e+06,0.0102296,0.00681973,0.0153444,1.90504e+07,1.27003e+07,2.85757e+07,0.0574023,0.0382682,0.0861035
2020-07-01,2674988,34492397,43811.4,696951,0.0661665,0.0628616,4.39686,2.93124,6.5953,1.11227,271627,181084,407440,3.48228e+06,2.32152e+06,5.22342e+06,0.0104927,0.00699515,0.0157391,1.93221e+07,1.28814e+07,2.89831e+07,0.0582208,0.0388139,0.0873312
2020-07-02,2728496,35198282,45786.7,708783,0.0682986,0.064599,4.3673,2.91153,6.55094,1.10184,275282,183522,412924,3.56493e+06,2.37662e+06,5.34739e+06,0.0107418,0.00716117,0.0161126,1.95973e+07,1.30649e+07,2.9396e+07,0.0590503,0.0393668,0.0885754
2020-07-03,2782184,35928804,47116.6,705292,0.0704467,0.0668044,4.37429,2.91619,6.56143,1.088,277600,185067,416400,3.64257e+06,2.42838e+06,5.46385e+06,0.0109757,0.00731713,0.0164635,1.98749e+07,1.325e+07,2.98124e+07,0.0598867,0.0399245,0.0898301
2020-07-04,2836328,36588057,48723.9,706973,0.0724176,0.068919,4.33763,2.89175,6.50644,1.07176,278998,185999,418497,3.71546e+06,2.47697e+06,5.57319e+06,0.0111953,0.00746356,0.016793,2.01539e+07,1.3436e+07,3.02309e+07,0.0607274,0.0404849,0.0910911
2020-07-05,2881495,37274962,49271.9,715246,0.072007,0.068888,4.39954,2.93303,6.59931,1.05508,280681,187121,421021,3.7848e+06,2.5232e+06,5.6772e+06,0.0114043,0.00760284,0.0171064,2.04346e+07,1.36231e+07,3.06519e+07,0.0615731,0.0410488,0.0923597
2020-07-06,2922989,37919980,49518.9,709294,0.0728304,0.0698143,4.47236,2.98157,6.70854,1.03935,281415,187610,422122,3.84944e+06,2.56629e+06,5.77416e+06,0.011599,0.00773269,0.0173986,2.0716e+07,1.38107e+07,3.10741e+07,0.0624211,0.0416141,0.0936316
2020-07-07,2974731,38603718,50106.3,712652,0.0733851,0.0703097,4.50728,3.00486,6.76093,1.02411,280627,187085,420941,3.9086e+06,2.60573e+06,5.8629e+06,0.0117773,0.00785153,0.0176659,2.09967e+07,1.39978e+07,3.1495e+07,0.0632667,0.0421778,0.0949
2020-07-08,3037467,39310777,51782.7,718025,0.0752284,0.0721183,4.43816,2.95877,6.65723,1.01006,279583,186389,419374,3.96234e+06,2.64156e+06,5.94351e+06,0.0119392,0.00795948,0.0179088,2.12763e+07,1.41842e+07,3.19144e+07,0.0641091,0.0427394,0.0961636
2020-07-09,3096428,40080137,52561.7,724955,0.0753673,0.0725034,4.47267,2.98178,6.70901,0.997338,278069,185379,417104,4.01059e+06,2.67373e+06,6.01588e+06,0.0120846,0.00805641,0.0181269,2.15543e+07,1.43695e+07,3.23315e+07,0.064947,0.043298,0.0974205
2020-07-10,3163252,40968545,54438.3,749116,0.0756126,0.0726701,4.43965,2.95977,6.65948,0.98596,276271,184180,414406,4.05177e+06,2.70118e+06,6.07765e+06,0.0122087,0.00813913,0.018313,2.18306e+07,1.45537e+07,3.27459e+07,0.0657794,0.0438529,0.0986691
2020-07-11,3225577,41726075,55607,765478,0.0757586,0.0726435,4.47287,2.98191,6.7093,0.975852,273870,182580,410805,4.08395e+06,2.72263e+06,6.12593e+06,0.0123057,0.00820377,0.0184585,2.21045e+07,1.47363e+07,3.31567e+07,0.0666046,0.0444031,0.099907
2020-07-12,3286549,42549702,57864.9,785531,0.0767913,0.0736634,4.39738,2.93159,6.59608,0.966545,270700,180467,406050,4.10593e+06,2.73728e+06,6.15889e+06,0.0123719,0.00824792,0.0185578,2.23752e+07,1.49168e+07,3.35627e+07,0.0674203,0.0449469,0.10113
2020-07-13,3344151,43307351,60166,800543,0.0781758,0.0751565,4.32759,2.88506,6.49138,0.957713,267389,178260,401084,4.11886e+06,2.74591e+06,6.17829e+06,0.0124109,0.00827391,0.0186163,2.26426e+07,1.5095e+07,3.39638e+07,0.068226,0.045484,0.102339
2020-07-14,3406885,44119894,61736.3,817574,0.078343,0.0755115,4.31476,2.87651,6.47214,0.949949,263794,175863,395692,4.12228e+06,2.74819e+06,6.18343e+06,0.0124212,0.00828078,0.0186317,2.29063e+07,1.52709e+07,3.43595e+07,0.0690209,0.0460139,0.103531
2020-07-15,3472504,44966847,62148.1,836750,0.0769151,0.0742733,4.37063,2.91376,6.55595,0.943085,260244,173496,390366,4.11615e+06,2.7441e+06,6.17423e+06,0.0124027,0.00826846,0.018604,2.31666e+07,1.54444e+07,3.47499e+07,0.069805,0.0465367,0.104708
2020-07-16,3542950,45867408,63788.9,857104,0.0771559,0.0744237,4.31553,2.87702,6.47329,0.936654,256027,170685,384041,4.10055e+06,2.7337e+06,6.15083e+06,0.0123557,0.00823712,0.0185335,2.34226e+07,1.56151e+07,3.51339e+07,0.0705765,0.047051,0.105865
2020-07-17,3619168,46777623,65130.9,860333,0.0784834,0.0757042,4.26219,2.84146,6.39329,0.929967,251734,167823,377602,4.077e+06,2.718e+06,6.1155e+06,0.0122847,0.00818982,0.0184271,2.36744e+07,1.57829e+07,3.55115e+07,0.071335,0.0475567,0.107002
2020-07-18,3683592,47620727,65430.7,871506,0.0777001,0.0750778,4.26402,2.84268,6.39603,0.92332,247373,164915,371060,4.04678e+06,2.69785e+06,6.07016e+06,0.0121936,0.0081291,0.0182905,2.39217e+07,1.59478e+07,3.58826e+07,0.0720804,0.0480536,0.108121
2020-07-19,3747309,48463052,65822.9,875674,0.0779186,0.0751682,4.26419,2.84279,6.39628,0.91643,242587,161724,363880,4.01036e+06,2.67358e+06,6.01555e+06,0.0120839,0.00805596,0.0181259,2.41643e+07,1.61095e+07,3.62465e+07,0.0728113,0.0485409,0.109217
2020-07-20,3804245,49221321,65727.7,878310,0.0777978,0.0748343,4.28152,2.85435,6.42228,0.910272,236713,157809,355069,3.9664e+06,2.64426e+06,5.94959e+06,0.0119515,0.00796763,0.0179272,2.4401e+07,1.62673e+07,3.66015e+07,0.0735246,0.0490164,0.110287
2020-07-21,3867869,50030634,65854.9,879275,0.0779909,0.0748968,4.2613,2.84087,6.39195,0.904528,230971,153981,346457,3.91595e+06,2.61064e+06,5.87393e+06,0.0117995,0.0078663,0.0176992,2.4632e+07,1.64213e+07,3.6948e+07,0.0742205,0.0494804,0.111331
2020-07-22,3937213,50913763,66387,885765,0.0781429,0.0749487,4.21141,2.80761,6.31711,0.900482,224990,149993,337484,3.86032e+06,2.57354e+06,5.79047e+06,0.0116318,0.00775454,0.0174477,2.4857e+07,1.65713e+07,3.72855e+07,0.0748985,0.0499323,0.112348
2020-07-23,4008438,51824658,66498.3,887862,0.0781381,0.0748971,4.1816,2.78773,6.2724,0.899032,220593,147062,330890,3.80133e+06,2.53422e+06,5.70199e+06,0.0114541,0.00763604,0.0171811,2.50776e+07,1.67184e+07,3.76164e+07,0.0755632,0.0503754,0.113345
2020-07-24,4083295,52827072,66303.9,902166,0.0767222,0.073494,4.16674,2.77782,6.2501,0.901341,215838,143892,323757,3.73909e+06,2.49273e+06,5.60864e+06,0.0112666,0.00751103,0.0168998,2.52934e+07,1.68623e+07,3.79401e+07,0.0762135,0.050809,0.11432
2020-07-25,4147669,53707622,66296.7,909338,0.076242,0.0729066,4.13097,2.75398,6.19646,0.906294,212288,141526,318432,3.67511e+06,2.45007e+06,5.51267e+06,0.0110738,0.00738251,0.0166106,2.55057e+07,1.70038e+07,3.82586e+07,0.0768532,0.0512355,0.11528
2020-07-26,4207792,54600656,65783.3,917068,0.0750265,0.0717322,4.11502,2.74335,6.17253,0.914719,210057,140038,315085,3.6113e+06,2.40753e+06,5.41695e+06,0.0108815,0.00725432,0.0163222,2.57158e+07,1.71438e+07,3.85736e+07,0.0774861,0.0516574,0.116229
2020-07-27,4262806,55423047,65508.7,925798,0.0739409,0.0707592,4.08174,2.72116,6.1226,0.924063,208283,138855,312425,3.54888e+06,2.36592e+06,5.32332e+06,0.0106934,0.00712894,0.0160401,2.5924e+07,1.72827e+07,3.88861e+07,0.0781137,0.0520758,0.117171
2020-07-28,4321790,56276485,64845.9,931970,0.0726756,0.0695793,4.06802,2.71202,6.10204,0.933867,206653,137769,309980,3.48815e+06,2.32543e+06,5.23222e+06,0.0105104,0.00700693,0.0157656,2.61307e+07,1.74205e+07,3.9196e+07,0.0787364,0.0524909,0.118105
2020-07-29,4385731,57182890,64074,934865,0.0715439,0.0685382,4.06162,2.70775,6.09243,0.941306,205636,137091,308454,3.42999e+06,2.28666e+06,5.14498e+06,0.0103352,0.00689011,0.0155027,2.63363e+07,1.75576e+07,3.95045e+07,0.079356,0.052904,0.119034
2020-07-30,4454537,58073429,63728.4,931481,0.0713899,0.0684162,4.01747,2.67831,6.02621,0.944466,203193,135462,304789,3.37294e+06,2.24862e+06,5.0594e+06,0.0101633,0.0067755,0.0152449,2.65395e+07,1.7693e+07,3.98093e+07,0.0799683,0.0533122,0.119952
2020-07-31,4522066,59069903,62681.6,930663,0.070284,0.0673515,4.01608,2.67739,6.02413,0.942783,201311,134207,301967,3.31822e+06,2.21215e+06,4.97733e+06,0.00999838,0.00666559,0.0149976,2.67408e+07,1.78272e+07,4.01113e+07,0.0805749,0.0537166,0.120862
2020-08-01,4582313,59894946,62092,921785,0.0702475,0.0673606,3.98398,2.65598,5.97596,0.937617,197637,131758,296455,3.26412e+06,2.17608e+06,4.89618e+06,0.00983538,0.00655692,0.0147531,2.69385e+07,1.7959e+07,4.04077e+07,0.0811704,0.0541136,0.121756
2020-08-02,4628824,60644860,60147.4,901408,0.0696588,0.0667261,4.0332,2.6888,6.0498,0.927048,192513,128342,288769,3.20926e+06,2.13951e+06,4.81389e+06,0.00967007,0.00644672,0.0145051,2.7131e+07,1.80873e+07,4.06965e+07,0.0817504,0.0545003,0.122626
2020-08-03,4678172,61444180,59338,897562,0.0689847,0.0661102,3.98923,2.65949,5.98384,0.914404,187944,125296,281916,3.15462e+06,2.10308e+06,4.73193e+06,0.00950543,0.00633695,0.0142581,2.73189e+07,1.82126e+07,4.09784e+07,0.0823168,0.0548778,0.123475
2020-08-04,4729986,62217741,58313.7,887738,0.0687053,0.065688,3.96084,2.64056,5.94126,0.900982,183005,122003,274507,3.10091e+06,2.06727e+06,4.65137e+06,0.00934359,0.00622906,0.0140154,2.75019e+07,1.83346e+07,4.12529e+07,0.0828682,0.0552455,0.124302
2020-08-05,4782450,63004753,56674.1,870985,0.068143,0.065069,3.96988,2.64659,5.95482,0.888458,176901,117934,265351,3.04684e+06,2.03123e+06,4.57026e+06,0.00918067,0.00612045,0.013771,2.76788e+07,1.84526e+07,4.15183e+07,0.0834012,0.0556008,0.125102
2020-08-06,4836252,63838196,54530.7,862432,0.0662152,0.063229,4.0453,2.69687,6.06795,0.878888,171677,114452,257516,2.99353e+06,1.99569e+06,4.49029e+06,0.00902003,0.00601335,0.01353,2.78505e+07,1.8567e+07,4.17758e+07,0.0839185,0.0559457,0.125878
2020-08-07,4897090,64730616,53574.9,847123,0.0662503,0.0632433,4.02872,2.68581,6.04308,0.873444,166410,110940,249614,2.93935e+06,1.95956e+06,4.40902e+06,0.00885677,0.00590451,0.0132852,2.80169e+07,1.86779e+07,4.20254e+07,0.0844199,0.05628,0.12663
2020-08-08,4950174,65471286,52551.6,835081,0.0659682,0.0629299,4.03962,2.69308,6.05943,0.871564,161860,107907,242791,2.88537e+06,1.92358e+06,4.32805e+06,0.00869412,0.00579608,0.0130412,2.81788e+07,1.87859e+07,4.22682e+07,0.0849076,0.0566051,0.127361
2020-08-09,5000327,66249256,53071.9,839283,0.0662878,0.0632348,3.95797,2.63865,5.93696,0.875422,158223,105482,237335,2.8313e+06,1.88754e+06,4.24695e+06,0.00853121,0.00568748,0.0127968,2.8337e+07,1.88913e+07,4.25055e+07,0.0853844,0.0569229,0.128077
2020-08-10,5042070,67041691,51985.4,838609,0.0650107,0.0619901,4.00657,2.67105,6.00985,0.883196,154941,103294,232411,2.77619e+06,1.85079e+06,4.16428e+06,0.00836514,0.00557676,0.0125477,2.84919e+07,1.89946e+07,4.27379e+07,0.0858513,0.0572342,0.128777
2020-08-11,5097498,67837573,52501.7,840689,0.0653955,0.0624508,3.93612,2.62408,5.90418,0.893342,152361,101574,228541,2.72026e+06,1.81351e+06,4.0804e+06,0.00819664,0.00546442,0.012295,2.86443e+07,1.90962e+07,4.29665e+07,0.0863103,0.0575402,0.129466
2020-08-12,5153393,68385893,52991.9,831480,0.0689339,0.063732,3.88052,2.58701,5.82078,0.906362,150725,100483,226088,2.66434e+06,1.77622e+06,3.9965e+06,0.00802811,0.00535208,0.0120422,2.8795e+07,1.91967e+07,4.31925e+07,0.0867645,0.057843,0.130147
2020-08-13,5205014,69396207,52680.3,854304,0.0663478,0.0616645,3.8571,2.5714,5.78564,0.920546,149408,99605.4,224112,2.60811e+06,1.73874e+06,3.91216e+06,0.00785869,0.00523913,0.011788,2.89444e+07,1.92963e+07,4.34167e+07,0.0872147,0.0581431,0.130822
2020-08-14,5262107,70366617,52145.3,861804,0.0647652,0.0605072,3.86058,2.57372,5.79087,0.93394,148007,98671.2,222010,2.55292e+06,1.70195e+06,3.82938e+06,0.00769241,0.00512827,0.0115386,2.90924e+07,1.9395e+07,4.36387e+07,0.0876607,0.0584404,0.131491
2020-08-15,5317916,71230444,52534.6,876711,0.0638534,0.0599224,3.76203,2.50802,5.64305,0.94679,147558,98372.3,221338,2.49917e+06,1.66611e+06,3.74875e+06,0.00753044,0.00502029,0.0112957,2.924e+07,1.94933e+07,4.386e+07,0.0881053,0.0587369,0.132158
2020-08-16,5360239,72083842,51416,883651,0.061686,0.0581859,3.74422,2.49614,5.61632,0.958269,146857,97904.5,220285,2.44839e+06,1.63226e+06,3.67258e+06,0.00737743,0.00491829,0.0110661,2.93869e+07,1.95912e+07,4.40803e+07,0.0885478,0.0590319,0.132822
2020-08-17,5397650,72816283,50797.1,872535,0.0615766,0.0582179,3.6999,2.4666,5.54984,0.966764,146146,97430.7,219219,2.40202e+06,1.60135e+06,3.60303e+06,0.00723772,0.00482515,0.0108566,2.9533e+07,1.96887e+07,4.42995e+07,0.0889882,0.0593254,0.133482
2020-08-18,5438142,73538186,48663.4,858556,0.0597557,0.0566805,3.76062,2.50708,5.64094,0.973412,146036,97357.5,219054,2.36012e+06,1.57341e+06,3.54017e+06,0.00711144,0.00474096,0.0106672,2.9679e+07,1.9786e+07,4.45186e+07,0.0894282,0.0596188,0.134142
2020-08-19,5483025,74323189,47090.3,868680,0.0555189,0.054209,3.75663,2.50442,5.63495,0.975696,145950,97300.2,218926,2.32306e+06,1.54871e+06,3.48459e+06,0.00699979,0.00466653,0.0104997,2.9825e+07,1.98833e+07,4.47375e+07,0.089868,0.059912,0.134802
2020-08-20,5526748,75135533,45962,844636,0.0560578,0.0544163,3.7352,2.49013,5.6028,0.973635,144981,96653.9,217471,2.29114e+06,1.52743e+06,3.43671e+06,0.00690361,0.00460241,0.0103554,2.997e+07,1.998e+07,4.4955e+07,0.0903048,0.0602032,0.135457
2020-08-21,5572943,76004425,44405.1,834904,0.0551342,0.0531859,3.74753,2.49835,5.62129,0.967429,144208,96138.7,216312,2.26367e+06,1.50911e+06,3.39551e+06,0.00682084,0.00454723,0.0102313,3.01142e+07,2.00761e+07,4.51713e+07,0.0907393,0.0604929,0.136109
2020-08-22,5618666,76889503,42964.3,842363,0.0531449,0.0510045,3.76733,2.51155,5.65099,0.956597,141520,94346.8,212280,2.23878e+06,1.49252e+06,3.35817e+06,0.00674585,0.00449723,0.0101188,3.02557e+07,2.01705e+07,4.53836e+07,0.0911658,0.0607772,0.136749
2020-08-23,5655990,77598287,42250.1,829068,0.0536321,0.050961,3.74491,2.49661,5.61737,0.940643,138653,92435.2,207979,2.21557e+06,1.47705e+06,3.32336e+06,0.00667592,0.00445061,0.0100139,3.03944e+07,2.02629e+07,4.55915e+07,0.0915836,0.0610557,0.137375
2020-08-24,5690240,78320445,41798.6,830607,0.053158,0.0503229,3.70684,2.47123,5.56026,0.923811,135177,90117.7,202765,2.19253e+06,1.46169e+06,3.28879e+06,0.00660647,0.00440432,0.00990971,3.05295e+07,2.0353e+07,4.57943e+07,0.0919909,0.0613272,0.137986
2020-08-25,5726828,79033053,41240.9,832795,0.0525374,0.049521,3.69442,2.46295,5.54163,0.906347,130716,87143.8,196074,2.1683e+06,1.44554e+06,3.25245e+06,0.00653348,0.00435565,0.00980022,3.06603e+07,2.04402e+07,4.59904e+07,0.0923847,0.0615898,0.138577
2020-08-26,5770456,79769800,41061.6,824657,0.0527724,0.0497923,3.67071,2.44714,5.50607,0.893221,126099,84066.1,189149,2.14204e+06,1.42803e+06,3.21306e+06,0.00645435,0.0043029,0.00968152,3.07863e+07,2.05242e+07,4.61795e+07,0.0927647,0.0618431,0.139147
2020-08-27,5814370,80631284,41088.9,830086,0.0523353,0.0494995,3.63622,2.42415,5.45433,0.887717,122374,81582.6,183561,2.11369e+06,1.40913e+06,3.17054e+06,0.00636892,0.00424595,0.00955338,3.09087e+07,2.06058e+07,4.63631e+07,0.0931334,0.062089,0.1397
2020-08-28,5860495,81537724,41078.9,834047,0.0519676,0.0492524,3.60299,2.40199,5.40449,0.892095,119202,79468,178803,2.08348e+06,1.38899e+06,3.12523e+06,0.0062779,0.00418527,0.00941686,3.10279e+07,2.06853e+07,4.65419e+07,0.0934926,0.0623284,0.140239
2020-08-29,5904462,82427929,40828,833403,0.0516024,0.0489895,3.61415,2.40943,5.42122,0.906646,118478,78985.3,177717,2.05396e+06,1.3693e+06,3.08093e+06,0.00618893,0.00412595,0.00928339,3.11464e+07,2.07643e+07,4.67196e+07,0.0938496,0.0625664,0.140774
2020-08-30,5943747,83254428,41108.1,847321,0.0508751,0.0485155,3.57245,2.38163,5.35867,0.931893,119071,79380.3,178606,2.02547e+06,1.35031e+06,3.0382e+06,0.00610309,0.00406873,0.00915463,3.12655e+07,2.08436e+07,4.68982e+07,0.0942084,0.0628056,0.141313
2020-08-31,5975020,83989177,40682.9,848457,0.050237,0.0479492,3.59232,2.39488,5.38849,0.962254,120655,80436.9,180983,1.99927e+06,1.33284e+06,2.9989e+06,0.00602414,0.00401609,0.00903621,3.13861e+07,2.09241e+07,4.70792e+07,0.0945719,0.063048,0.141858
2020-09-01,6017446,84804061,41516.9,866705,0.0503583,0.0479019,3.51752,2.34501,5.27628,0.995573,122798,81865.2,184197,1.97592e+06,1.31728e+06,2.96388e+06,0.00595379,0.00396919,0.00893068,3.15089e+07,2.1006e+07,4.72634e+07,0.094942,0.0632946,0.142413
2020-09-02,6047663,85559488,40709.1,868916,0.0492192,0.0468505,3.5852,2.39013,5.3778,1.02793,125299,83532.8,187949,1.95518e+06,1.30345e+06,2.93277e+06,0.0058913,0.00392754,0.00883695,3.16342e+07,2.10895e+07,4.74513e+07,0.0953195,0.0635463,0.142979
2020-09-03,6092279,86439094,40809.4,872246,0.0491865,0.0467866,3.55263,2.36842,5.32895,1.05484,127629,85085.8,191443,1.93686e+06,1.29124e+06,2.90529e+06,0.0058361,0.00389073,0.00875415,3.17619e+07,2.11746e+07,4.76428e+07,0.0957041,0.0638027,0.143556
2020-09-04,6143787,87482300,41578.4,892489,0.0489604,0.0465871,3.46834,2.31222,5.2025,1.07367,130138,86758.7,195207,1.92202e+06,1.28134e+06,2.88302e+06,0.00579137,0.00386092,0.00868706,3.1892e+07,2.12613e+07,4.7838e+07,0.0960962,0.0640641,0.144144
2020-09-05,6188531,88448661,41689.4,903724,0.0484702,0.0461307,3.39463,2.26309,5.09195,1.0854,133080,88720.2,199620,1.91089e+06,1.27393e+06,2.86633e+06,0.00575784,0.00383856,0.00863676,3.20251e+07,2.135e+07,4.80376e+07,0.0964972,0.0643315,0.144746
2020-09-06,6221452,89276477,40780.3,903467,0.0474028,0.0451375,3.4,2.26666,5.09999,1.08984,134985,89989.9,202477,1.90435e+06,1.26957e+06,2.85653e+06,0.00573815,0.00382543,0.00860723,3.21601e+07,2.144e+07,4.82401e+07,0.0969039,0.0646026,0.145356
2020-09-07,6249595,89939950,40333.1,893641,0.0474446,0.0451335,3.3515,2.23433,5.02725,1.08957,136406,90937.5,204609,1.90211e+06,1.26807e+06,2.85316e+06,0.00573138,0.00382092,0.00859707,3.22965e+07,2.1531e+07,4.84447e+07,0.0973149,0.0648766,0.145972
2020-09-08,6271732,90518122,37434.7,855043,0.0458593,0.0437811,3.49183,2.32789,5.23775,1.08599,138550,92366.6,207825,1.90548e+06,1.27032e+06,2.85822e+06,0.00574155,0.0038277,0.00861232,3.2435e+07,2.16233e+07,4.86525e+07,0.0977324,0.0651549,0.146599
2020-09-09,6302902,91221640,36462.7,849588,0.0450781,0.0429181,3.4583,2.30554,5.18746,1.07794,140842,93894.6,211263,1.91561e+06,1.27707e+06,2.87341e+06,0.00577206,0.00384804,0.00865809,3.25759e+07,2.17172e+07,4.88638e+07,0.0981568,0.0654379,0.147235
2020-09-10,6340206,92003138,35418.1,835834,0.0445588,0.0423746,3.45512,2.30341,5.18268,1.06756,143106,95404.3,214660,1.93261e+06,1.28841e+06,2.89892e+06,0.0058233,0.0038822,0.00873496,3.2719e+07,2.18126e+07,4.90784e+07,0.098588,0.0657253,0.147882
2020-09-11,6384889,92926922,34443.1,821140,0.0442826,0.0419455,3.46083,2.30722,5.19125,1.05605,144152,96101.1,216227,1.95439e+06,1.30293e+06,2.93159e+06,0.00588892,0.00392595,0.00883339,3.28631e+07,2.19087e+07,4.92947e+07,0.0990224,0.0660149,0.148534
2020-09-12,6426755,93923903,34032,827398,0.0435093,0.0411314,3.48137,2.32091,5.22205,1.04109,142765,95176.8,214148,1.97795e+06,1.31864e+06,2.96693e+06,0.00595992,0.00397328,0.00893989,3.30059e+07,2.20039e+07,4.95088e+07,0.0994525,0.0663017,0.149179
2020-09-13,6461066,94696030,34230.6,820697,0.0442129,0.0417092,3.47848,2.31899,5.21773,1.02409,142237,94825,213356,2.00171e+06,1.33448e+06,3.00257e+06,0.00603152,0.00402101,0.00904727,3.31481e+07,2.20987e+07,4.97222e+07,0.0998811,0.0665874,0.149822
2020-09-14,6494687,95192553,35013.1,848596,0.0466611,0.0412601,3.446,2.29733,5.169,1.00803,141971,94647.1,212956,2.02461e+06,1.34974e+06,3.03692e+06,0.00610052,0.00406701,0.00915078,3.32901e+07,2.21934e+07,4.99351e+07,0.100309,0.0668726,0.150463
2020-09-15,6529591,96005853,36837,887701,0.0469883,0.0414971,3.33354,2.22236,5.00032,0.992965,140368,93578.8,210552,2.04433e+06,1.36288e+06,3.06649e+06,0.00615992,0.00410661,0.00923987,3.34305e+07,2.2287e+07,5.01457e+07,0.100732,0.0671546,0.151098
2020-09-16,6569701,96833069,38114.1,908316,0.0475456,0.0419613,3.28747,2.19165,4.93121,0.981861,138854,92569.6,208282,2.06038e+06,1.37359e+06,3.09057e+06,0.0062083,0.00413886,0.00931245,3.35693e+07,2.23795e+07,5.0354e+07,0.10115,0.0674335,0.151725
2020-09-17,6612990,97802669,38969.1,938438,0.0470355,0.0415255,3.27512,2.18341,4.91268,0.975768,137476,91650.9,206214,2.07256e+06,1.38171e+06,3.10884e+06,0.00624499,0.00416333,0.00936748,3.37068e+07,2.24712e+07,5.05602e+07,0.101564,0.0677097,0.152347
2020-09-18,6660241,98895710,39336,964306,0.046132,0.040792,3.30837,2.20558,4.96256,0.974935,136895,91263.1,205342,2.08183e+06,1.38788e+06,3.12274e+06,0.00627291,0.00418194,0.00940936,3.38437e+07,2.25625e+07,5.07655e+07,0.101977,0.0679847,0.152965
2020-09-19,6705146,100071291,39770.1,990986,0.0452861,0.0401319,3.34624,2.23082,5.01935,0.981729,137554,91702.5,206331,2.08924e+06,1.39283e+06,3.13386e+06,0.00629525,0.00419684,0.00944288,3.39812e+07,2.26542e+07,5.09719e+07,0.102391,0.068261,0.153587
2020-09-20,6740649,101048124,39940.4,1.02345e+06,0.0440143,0.0390254,3.37965,2.2531,5.06948,0.994006,138118,92078.4,207176,2.09428e+06,1.39619e+06,3.14142e+06,0.00631043,0.00420695,0.00946565,3.41194e+07,2.27462e+07,5.1179e+07,0.102808,0.0685384,0.154211
2020-09-21,6779788,101819169,40728.7,1.01486e+06,0.0430236,0.0401323,3.34914,2.23276,5.02371,1.00844,139158,92771.7,208736,2.09845e+06,1.39897e+06,3.14768e+06,0.00632301,0.00421534,0.00948451,3.42585e+07,2.2839e+07,5.13878e+07,0.103227,0.068818,0.15484
2020-09-22,6829263,102674278,42810.3,1.02083e+06,0.0449389,0.0419368,3.23637,2.15758,4.85455,1.02571,141384,94255.7,212075,2.10343e+06,1.40229e+06,3.15514e+06,0.006338,0.00422534,0.009507,3.43999e+07,2.29333e+07,5.15998e+07,0.103653,0.069102,0.155479
2020-09-23,6867883,103685367,42597.4,1.04747e+06,0.0435156,0.0406669,3.30635,2.20423,4.95952,1.04479,143628,95752.1,215442,2.10851e+06,1.40567e+06,3.16276e+06,0.0063533,0.00423554,0.00952996,3.45435e+07,2.3029e+07,5.18153e+07,0.104086,0.0693905,0.156129
2020-09-24,6911229,104725460,42605.6,1.0591e+06,0.0430807,0.0402279,3.35887,2.23924,5.0383,1.06304,146355,97569.9,219532,2.11402e+06,1.40935e+06,3.17103e+06,0.00636992,0.00424661,0.00955487,3.46899e+07,2.31266e+07,5.20348e+07,0.104527,0.0696845,0.15679
2020-09-25,6966418,105840696,43739.6,1.06369e+06,0.044086,0.0411205,3.29568,2.19712,4.94352,1.07999,149624,99749.1,224435,2.12054e+06,1.41369e+06,3.18081e+06,0.00638955,0.0042597,0.00958433,3.48395e+07,2.32263e+07,5.22592e+07,0.104978,0.069985,0.157466
2020-09-26,7013821,106963502,44096.4,1.05693e+06,0.0447861,0.0417214,3.23757,2.15838,4.85635,1.09397,153421,102281,230132,2.12981e+06,1.41987e+06,3.19471e+06,0.00641748,0.00427832,0.00962623,3.49929e+07,2.33286e+07,5.24894e+07,0.10544,0.0702932,0.15816
2020-09-27,7048808,107867730,44022.7,1.04586e+06,0.0451872,0.0420922,3.231,2.154,4.8465,1.10478,157172,104781,235758,2.14421e+06,1.42948e+06,3.21632e+06,0.00646089,0.00430726,0.00969134,3.51501e+07,2.34334e+07,5.27251e+07,0.105913,0.070609,0.15887
2020-09-28,7084691,109026216,43557.6,1.10171e+06,0.0423062,0.0395364,3.25938,2.17292,4.88907,1.1123,160983,107322,241475,2.16296e+06,1.44197e+06,3.24444e+06,0.00651738,0.00434492,0.00977607,3.53111e+07,2.35407e+07,5.29666e+07,0.106398,0.0709323,0.159598
2020-09-29,7121132,109942882,41695.6,1.11019e+06,0.0401548,0.0375572,3.3665,2.24433,5.04975,1.11642,164839,109893,247259,2.18583e+06,1.45722e+06,3.27874e+06,0.00658629,0.00439086,0.00987943,3.54759e+07,2.36506e+07,5.32139e+07,0.106895,0.0712635,0.160343
2020-09-30,7165479,110849247,42513.7,1.0952e+06,0.0415412,0.0388181,3.26611,2.17741,4.89916,1.11751,168307,112205,252461,2.21377e+06,1.47584e+06,3.32065e+06,0.00667047,0.00444698,0.0100057,3.56442e+07,2.37628e+07,5.34663e+07,0.107402,0.0716016,0.161103
2020-10-01,7211084,111852558,42836.4,1.0904e+06,0.0420725,0.0392852,3.20933,2.13955,4.814,1.11707,171309,114206,256963,2.24622e+06,1.49748e+06,3.36933e+06,0.00676826,0.00451217,0.0101524,3.58155e+07,2.3877e+07,5.37233e+07,0.107919,0.0719457,0.161878
2020-10-02,7260341,113093465,41989,1.10875e+06,0.0405256,0.0378707,3.26025,2.1735,4.89038,1.11543,174805,116537,262208,2.28355e+06,1.52237e+06,3.42533e+06,0.00688074,0.00458716,0.0103211,3.59903e+07,2.39936e+07,5.39855e+07,0.108445,0.0722968,0.162668
2020-10-03,7311276,114191106,42493.6,1.10613e+06,0.0411554,0.0384164,3.23705,2.15803,4.85557,1.11411,178706,119137,268059,2.32536e+06,1.55024e+06,3.48804e+06,0.00700673,0.00467115,0.0105101,3.6169e+07,2.41127e+07,5.42536e+07,0.108984,0.0726558,0.163476
2020-10-04,7349264,115218591,42922.3,1.1279e+06,0.0408736,0.0380552,3.21785,2.14524,4.82678,1.11526,182738,121825,274106,2.37055e+06,1.58036e+06,3.55582e+06,0.00714287,0.00476192,0.0107143,3.63518e+07,2.42345e+07,5.45277e+07,0.109534,0.0730229,0.164301
2020-10-05,7387020,116206861,43189.9,1.10513e+06,0.0421033,0.0390812,3.222,2.148,4.83299,1.12031,186720,124480,280081,2.41915e+06,1.61277e+06,3.62872e+06,0.00728932,0.00485955,0.010934,3.65385e+07,2.4359e+07,5.48078e+07,0.110097,0.073398,0.165145
2020-10-06,7425937,117114922,43543.6,1.10541e+06,0.0424991,0.0393912,3.24694,2.16463,4.87042,1.12776,191355,127570,287033,2.47135e+06,1.64756e+06,3.70702e+06,0.0074466,0.0049644,0.0111699,3.67299e+07,2.44866e+07,5.50948e+07,0.110674,0.0737824,0.16601
2020-10-07,7476527,118089359,44435.4,1.11868e+06,0.0429618,0.0397214,3.23229,2.15486,4.84843,1.13694,198039,132026,297059,2.528e+06,1.68533e+06,3.792e+06,0.00761732,0.00507821,0.011426,3.69279e+07,2.46186e+07,5.53918e+07,0.11127,0.0741802,0.166905
2020-10-08,7531735,119243993,45807.3,1.14408e+06,0.0433814,0.0400386,3.19501,2.13001,4.79252,1.1475,205865,137243,308797,2.59024e+06,1.72683e+06,3.88536e+06,0.00780485,0.00520323,0.0117073,3.71338e+07,2.47558e+07,5.57006e+07,0.111891,0.0745937,0.167836
2020-10-09,7588537,120445655,46885.1,1.1422e+06,0.0446392,0.0410479,3.19128,2.12752,4.78692,1.15761,212771,141847,319156,2.65665e+06,1.7711e+06,3.98498e+06,0.00800497,0.00533665,0.0120075,3.73465e+07,2.48977e+07,5.60198e+07,0.112532,0.0750211,0.168798
2020-10-10,7645952,121696832,47810.9,1.16889e+06,0.0445894,0.0409029,3.20892,2.13928,4.81338,1.16523,219274,146183,328911,2.72631e+06,1.81754e+06,4.08946e+06,0.00821484,0.00547656,0.0123223,3.75658e+07,2.50439e+07,5.63487e+07,0.113192,0.0754616,0.169789
2020-10-11,7692221,122774503,48993.9,1.17861e+06,0.0453892,0.0415691,3.20799,2.13866,4.81199,1.16901,226271,150847,339407,2.79916e+06,1.8661e+06,4.19873e+06,0.00843435,0.0056229,0.0126515,3.77921e+07,2.51947e+07,5.66881e+07,0.113874,0.0759161,0.170811
2020-10-12,7734864,123828432,49692,1.19063e+06,0.0456394,0.0417358,3.23962,2.15975,4.85943,1.16852,233719,155813,350578,2.8757e+06,1.91713e+06,4.31355e+06,0.008665,0.00577666,0.0129975,3.80258e+07,2.53505e+07,5.70387e+07,0.114578,0.0763856,0.171868
2020-10-13,7783457,124878290,51074.3,1.21458e+06,0.0460522,0.0420511,3.22744,2.15163,4.84116,1.16521,240949,160633,361424,2.95567e+06,1.97045e+06,4.4335e+06,0.00890595,0.0059373,0.0133589,3.82667e+07,2.55112e+07,5.74001e+07,0.115304,0.0768696,0.172957
2020-10-14,7839574,125915995,51863.9,1.22723e+06,0.0463861,0.0422608,3.24518,2.16345,4.86776,1.15938,246678,164452,370017,3.03751e+06,2.025e+06,4.55626e+06,0.00915254,0.0061017,0.0137288,3.85134e+07,2.56756e+07,5.77701e+07,0.116048,0.0773652,0.174072
2020-10-15,7902966,127027176,53033,1.22326e+06,0.0476966,0.0433539,3.23023,2.15349,4.84534,1.15199,251841,167894,377761,3.12104e+06,2.08069e+06,4.68156e+06,0.00940424,0.0062695,0.0141064,3.87653e+07,2.58435e+07,5.81479e+07,0.116807,0.077871,0.17521
2020-10-16,7971214,128255806,54668.1,1.2212e+06,0.0489974,0.044766,3.19757,2.13171,4.79635,1.14609,258215,172143,387322,3.20795e+06,2.13863e+06,4.81192e+06,0.00966611,0.00644407,0.0144992,3.90235e+07,2.60157e+07,5.85352e+07,0.117585,0.0783897,0.176377
2020-10-17,8028544,129553965,54656,1.22222e+06,0.0486936,0.0447188,3.26965,2.17977,4.90448,1.14361,264931,176621,397396,3.29807e+06,2.19871e+06,4.94711e+06,0.00993767,0.00662511,0.0149065,3.92884e+07,2.61923e+07,5.89326e+07,0.118383,0.0789219,0.177574
2020-10-18,8076828,130606850,54943.9,1.2128e+06,0.0491049,0.0453032,3.3259,2.21726,4.98885,1.14525,272448,181632,408672,3.39181e+06,2.26121e+06,5.08772e+06,0.0102201,0.00681342,0.0153302,3.95609e+07,2.63739e+07,5.93413e+07,0.119204,0.0794692,0.178806
2020-10-19,8133938,131733830,57010.6,1.21827e+06,0.0504812,0.0467962,3.27519,2.18346,4.91279,1.15177,280935,187290,421403,3.49001e+06,2.32667e+06,5.23502e+06,0.010516,0.00701068,0.015774,3.98418e+07,2.65612e+07,5.97627e+07,0.12005,0.0800336,0.180076
2020-10-20,8194485,132681810,58718.3,1.19985e+06,0.0526721,0.0489381,3.25887,2.17258,4.8883,1.16265,290394,193596,435592,3.59369e+06,2.39579e+06,5.39053e+06,0.0108284,0.00721894,0.0162426,4.01322e+07,2.67548e+07,6.01983e+07,0.120925,0.0806169,0.181388
2020-10-21,8255438,133622695,59409.1,1.17707e+06,0.0539614,0.0504719,3.33348,2.22232,5.00023,1.17858,302322,201548,453484,3.70465e+06,2.46977e+06,5.55698e+06,0.0111628,0.00744185,0.0167442,4.04345e+07,2.69563e+07,6.06518e+07,0.121836,0.0812242,0.182754
2020-10-22,8328280,134848230,60759.1,1.1847e+06,0.0543806,0.0512866,3.38821,2.25881,5.08231,1.19846,316363,210909,474545,3.82298e+06,2.54865e+06,5.73446e+06,0.0115193,0.00767953,0.017279,4.07509e+07,2.71672e+07,6.11263e+07,0.12279,0.0818597,0.184184
2020-10-23,8410612,136229766,62771.1,1.21254e+06,0.0551041,0.0517683,3.38963,2.25975,5.08444,1.21935,331660,221107,497490,3.94877e+06,2.63251e+06,5.92316e+06,0.0118983,0.00793223,0.0178475,4.10825e+07,2.73884e+07,6.16238e+07,0.123789,0.0825259,0.185683
2020-10-24,8493898,137552413,66479.1,1.22119e+06,0.0581805,0.0544379,3.29839,2.19893,4.94759,1.23961,349782,233188,524674,4.08578e+06,2.72386e+06,6.12868e+06,0.0123112,0.00820746,0.0184668,4.14323e+07,2.76215e+07,6.21485e+07,0.124843,0.0832286,0.187264
2020-10-25,8558791,138740266,68851.9,1.24547e+06,0.0592571,0.0552817,3.28635,2.1909,4.92952,1.25774,368783,245855,553174,4.23529e+06,2.82353e+06,6.35294e+06,0.0127617,0.00850779,0.0191425,4.18011e+07,2.78674e+07,6.27016e+07,0.125954,0.0839694,0.188931
2020-10-26,8621317,139945712,69625.6,1.26161e+06,0.0593505,0.0551879,3.3568,2.23786,5.0352,1.27102,388497,258998,582746,4.39752e+06,2.93168e+06,6.59628e+06,0.0132505,0.00883366,0.0198757,4.21896e+07,2.81264e+07,6.32844e+07,0.127125,0.0847498,0.190687
2020-10-27,8693399,141011793,71273.4,1.28103e+06,0.0598938,0.0556376,3.38063,2.25376,5.07095,1.2791,409680,273120,614520,4.57348e+06,3.04899e+06,6.86022e+06,0.0137807,0.00918713,0.020671,4.25993e+07,2.83995e+07,6.38989e+07,0.128359,0.0855727,0.192539
2020-10-28,8772147,142103872,73815.6,1.30709e+06,0.0609242,0.0564734,3.34181,2.22788,5.01272,1.28029,430388,286925,645582,4.76292e+06,3.17528e+06,7.14438e+06,0.0143515,0.00956767,0.0215273,4.30297e+07,2.86864e+07,6.45445e+07,0.129656,0.0864373,0.194484
2020-10-29,8860875,143436140,76085,1.32844e+06,0.0620168,0.0572739,3.30999,2.20666,4.96499,1.27417,450199,300133,675298,4.96644e+06,3.31096e+06,7.44966e+06,0.0149648,0.0099765,0.0224471,4.34799e+07,2.89866e+07,6.52198e+07,0.131012,0.0873417,0.196519
2020-10-30,8958108,144796600,78213.7,1.32401e+06,0.0639088,0.0590732,3.3014,2.20093,4.9521,1.26235,469807,313204,704710,5.1844e+06,3.45627e+06,7.77661e+06,0.0156215,0.0104143,0.0234323,4.39497e+07,2.92998e+07,6.59245e+07,0.132428,0.0882854,0.198642
2020-10-31,9048695,146186509,79256.7,1.33262e+06,0.0642565,0.0594742,3.34269,2.22846,5.01404,1.24546,486923,324615,730384,5.41311e+06,3.60874e+06,8.11967e+06,0.0163107,0.0108738,0.024466,4.44366e+07,2.96244e+07,6.66549e+07,0.133895,0.0892635,0.200843
2020-11-01,9122544,147313973,80536.1,1.3225e+06,0.0657537,0.060897,3.38293,2.25528,5.07439,1.22432,502735,335157,754103,5.65092e+06,3.76728e+06,8.47637e+06,0.0170272,0.0113515,0.0255408,4.49393e+07,2.99596e+07,6.7409e+07,0.13541,0.0902734,0.203115
2020-11-02,9204591,148636579,83324.9,1.33879e+06,0.0671134,0.0622387,3.37157,2.24771,5.05735,1.20062,517441,344961,776162,5.89591e+06,3.93061e+06,8.84387e+06,0.0177654,0.0118436,0.0266481,4.54568e+07,3.03045e+07,6.81851e+07,0.136969,0.0913128,0.205454
2020-11-03,9291253,149760246,85407.7,1.34936e+06,0.0683383,0.0632949,3.4001,2.26673,5.10014,1.17507,529776,353184,794664,6.14475e+06,4.0965e+06,9.21713e+06,0.0185152,0.0123435,0.0277728,4.59865e+07,3.06577e+07,6.89798e+07,0.138566,0.092377,0.207848
2020-11-04,9394557,150978237,88915.7,1.36915e+06,0.0701357,0.0649421,3.4001,2.26673,5.10015,1.14929,540147,360098,810220,6.3945e+06,4.263e+06,9.59176e+06,0.0192678,0.0128452,0.0289016,4.65267e+07,3.10178e+07,6.979e+07,0.140193,0.0934621,0.21029
2020-11-05,9510998,152542761,92874.7,1.4046e+06,0.0713901,0.0661218,3.40634,2.2709,5.10951,1.13631,545919,363946,818879,6.6381e+06,4.4254e+06,9.95715e+06,0.0200018,0.0133345,0.0300026,4.70726e+07,3.13817e+07,7.06089e+07,0.141838,0.0945587,0.212757
2020-11-06,9636751,154104094,96949,1.43731e+06,0.0729136,0.0674517,3.42098,2.28065,5.13146,1.12312,550548,367032,825822,6.87228e+06,4.58152e+06,1.03084e+07,0.0207074,0.0138049,0.0310611,4.76232e+07,3.17488e+07,7.14347e+07,0.143497,0.0956646,0.215245
2020-11-07,9765966,155516270,102467,1.46156e+06,0.0768799,0.070108,3.4136,2.27573,5.1204,1.10971,555137,370091,832706,7.09576e+06,4.73051e+06,1.06436e+07,0.0213808,0.0142539,0.0320712,4.81783e+07,3.21189e+07,7.22674e+07,0.14517,0.0967798,0.217755
2020-11-08,9876247,156768229,107672,1.48243e+06,0.079721,0.072632,3.42506,2.28337,5.13759,,,,,,,,,,,,,,,,
2020-11-09,9995679,158280836,113013,1.51334e+06,0.0820268,0.0746776,3.43764,2.29176,5.15647,,,,,,,,,,,,,,,,
2020-11-10,10126861,159526899,119373,1.53254e+06,0.0855573,0.0778919,3.43194,2.28796,5.14791,,,,,,,,,,,,,,,,
2020-11-11,10271662,160939758,125301,1.56151e+06,0.0880493,0.0802432,3.43484,2.28989,5.15226,,,,,,,,,,,,,,,,
2020-11-12,10423665,162412090,130381,1.54981e+06,0.0924751,0.0841269,3.45295,2.30197,5.17942,,,,,,,,,,,,,,,,
2020-11-13,10595771,164107669,137003,1.56924e+06,0.0958677,0.0873051,3.42917,2.28612,5.14376,,,,,,,,,,,,,,,,
2020-11-14,10759311,165768958,141906,1.58456e+06,0.0968863,0.0895558,3.43129,2.28753,5.14694,,,,,,,,,,,,,,,,
2020-11-15,10903745,167383942,146785,1.63739e+06,0.0967903,0.0896457,3.42497,2.28331,5.13745,,,,,,,,,,,,,,,,
2020-11-16,11052613,168862122,150991,1.63151e+06,0.0998871,0.0925466,3.42698,2.28465,5.14047,,,,,,,,,,,,,,,,
2020-11-17,11209335,170365436,154639,1.6698e+06,0.0998727,0.0926096,3.42588,2.28392,5.13883,,,,,,,,,,,,,,,,
2020-11-18,11373310,171900009,157378,1.69203e+06,0.100513,0.0930113,3.43216,2.2881,5.14823,,,,,,,,,,,,,,,,
2020-11-19,11556142,173717534,161782,1.74419e+06,0.100171,0.0927552,3.3744,2.2496,5.06161,,,,,,,,,,,,,,,,
2020-11-20,11748947,175635010,164739,1.79004e+06,0.100038,0.0920309,3.34193,2.22795,5.0129,,,,,,,,,,,,,,,,
2020-11-21,11927256,177612410,166849,1.84173e+06,0.0986153,0.0905938,3.32718,2.21812,4.99077,,,,,,,,,,,,,,,,
