date,actual_deaths,total_deaths,predicted_deaths_mean,predicted_deaths_lower,predicted_deaths_upper,predicted_total_deaths_mean,predicted_total_deaths_lower,predicted_total_deaths_upper,predicted_new_infected_mean,predicted_new_infected_lower,predicted_new_infected_upper,predicted_current_infected_mean,predicted_current_infected_lower,predicted_current_infected_upper,predicted_total_infected_mean,predicted_total_infected_lower,predicted_total_infected_upper,r_values_mean,r_values_lower,r_values_upper
2020-02-25,,,,,,,,,105,57,154,105,57,154,105,57,154,2.29734487392,1.8,2.6
2020-02-26,,,,,,,,,105,57,154,209,114,308,209,114,308,2.29725036623,1.79998652948,2.59998964586
2020-02-27,,,,,,,,,105,57,154,314,171,462,314,171,462,2.29722256155,1.79998217272,2.59998546282
2020-02-28,,,,,,,,,105,57,154,419,228,616,419,228,616,2.29718644232,1.79997638085,2.59997966663
2020-02-29,,,,,,,,,105,57,154,523,285,770,523,285,770,2.29713947719,1.79996836017,2.59997160557
2020-03-01,,,,,,,,,105,57,154,628,342,924,628,342,924,2.29707834914,1.7999580263,2.59995987574
2020-03-02,,,,,,,,,105,57,154,732,399,1078,732,399,1078,2.29699870674,1.79994431529,2.59994303451
2020-03-03,,,,,,,,,105,57,154,837,456,1232,837,456,1232,2.29689483534,1.79992612294,2.59991946292
2020-03-04,,,,,,,,,105,57,154,942,513,1386,942,513,1386,2.2967592217,1.79990198389,2.59988612701
2020-03-05,,,,,,,,,343,180,524,1285,693,1910,1285,693,1910,2.29654168418,1.79983317183,2.59978600118
2020-03-06,,,,,,,,,342,180,523,1627,874,2433,1627,874,2433,2.29630475071,1.79978584756,2.59970836483
2020-03-07,,,,,,,,,369,191,570,1996,1066,3002,1996,1066,3002,2.29598437633,1.79971477183,2.59959152165
2020-03-08,,,,,,,,,422,215,666,2418,1281,3668,2418,1281,3668,2.29556956351,1.79964159114,2.59942621162
2020-03-09,,,,,,,,,534,264,866,2952,1545,4533,2952,1545,4533,2.29502903388,1.79951392085,2.5991999775
2020-03-10,,,,,,,,,709,339,1181,3661,1885,5714,3661,1885,5714,2.29432191368,1.799375928,2.59888683007
2020-03-11,,,,,,,,,855,405,1448,4411,2234,7008,4515,2291,7162,2.29339314449,1.79919782569,2.59847923827
2020-03-12,,,,,,,,,997,465,1721,5303,2642,8574,5512,2756,8882,2.29217064378,1.79896696576,2.59790440499
2020-03-13,,,,,,,,,1181,549,2084,6380,3135,10503,6694,3306,10965,2.2905649345,1.79866951158,2.59706273569
2020-03-14,,,,,,,,,1420,650,2561,7695,3729,12910,8114,3957,13526,2.28845639132,1.79810953815,2.59589415199
2020-03-15,,,,,,,,,1728,779,3184,9319,4451,15939,9842,4736,16709,2.28568570336,1.79773885675,2.59425660372
2020-03-16,,,,,,,,,2075,923,3890,11289,5317,19675,11917,5659,20599,2.28204467451,1.79691656552,2.5919852931
2020-03-17,,,,,,,,,2466,1087,4697,13651,6348,24218,14383,6747,25296,2.27726283245,1.79578685569,2.58924530855
2020-03-18,,,,,,,,,2928,1264,5660,16475,7555,29723,17312,8011,30955,2.27099450732,1.79448825467,2.58521751115
2020-03-19,,,,,,,,,3484,1489,6821,19854,8988,36390,20796,9501,37776,2.26280054918,1.79294078325,2.57992661977
2020-03-20,3,3,,,,,,,4150,1752,8203,23661,10560,44068,24946,11254,45978,2.25213182908,1.79095914553,2.57221130103
2020-03-21,2,5,,,,,,,4924,1991,9797,28243,12371,53343,29870,13245,55775,2.23831938242,1.78873362265,2.5614782436
2020-03-22,0,5,,,,,,,5813,2255,11639,33687,14434,64411,35683,15500,67413,2.22057721898,1.78507401864,2.54853684302
2020-03-23,0,5,,,,,,,6833,2554,13708,40098,16773,77453,42516,18054,81120,2.19802841726,1.77969906406,2.53117213578
2020-03-24,2,7,,,,,,,7998,2888,16158,47563,19397,92745,50514,20942,97278,2.16976453947,1.77095033259,2.50973310301
2020-03-25,2,9,,,,,,,9316,3261,18919,56169,22319,110483,59830,24204,116197,2.13494710407,1.76212667047,2.48254653247
2020-03-26,0,9,,,,,,,10776,3681,21955,66091,25595,130990,70606,27886,138151,2.09294691766,1.73645565808,2.44509670254
2020-03-27,2,11,,,,,,,12364,4207,25375,77458,29337,154644,82970,32094,163526,2.04349400655,1.71474250485,2.39472929684
2020-03-28,5,16,,,,,,,14061,4819,28326,90338,33607,180887,97032,36913,191852,1.98679123892,1.64060849394,2.35482584134
2020-03-29,2,18,,,,,,,15845,5504,31902,104763,38461,210227,112877,42418,223753,1.92354540117,1.55030928451,2.31699704082
2020-03-30,6,24,,,,,,,17686,6266,35671,120721,43948,242714,130563,48684,259423,1.85490184306,1.46189980314,2.28318570152
2020-03-31,6,30,,,,,,,19548,7058,39326,138194,50083,278150,150111,55743,298749,1.78231339663,1.38893858111,2.2375538945
2020-04-01,8,38,,,,,,,21391,7622,44389,157118,56618,317842,171502,63365,343137,1.70739799741,1.31459882946,2.19057893927
2020-04-02,17,55,,,,,,,23177,8013,48993,177367,63367,361175,194679,71379,392130,1.63182798543,1.25674640931,2.1324724103
2020-04-03,6,61,,,,,,,24870,8347,52992,198752,70225,407345,219548,79726,445121,1.55726102728,1.21632906051,2.0574424407
2020-04-04,12,73,,,,,,,26438,8596,57718,221040,77069,456861,245986,88323,502839,1.48529279276,1.17843813484,1.91990595716
2020-04-05,10,83,,,,,,,27856,8939,62058,243972,84017,509122,273842,97263,564896,1.41740104419,1.14488370706,1.81451698203
2020-04-06,9,92,,,,,,,29109,9227,65581,267268,90990,563064,302951,106490,630477,1.35486288441,1.11256791417,1.71844227223
2020-04-07,15,107,,,,,,,30193,9507,68356,290628,97944,617713,333144,115998,698832,1.29865355063,1.0785139023,1.62896351762
2020-04-08,14,121,,,,,,,31115,9778,70803,313744,104834,672357,364259,125777,769635,1.24935889333,1.05877877684,1.54451128905
2020-04-09,17,138,,,,,,,31890,10184,73790,336319,111756,727228,396149,135961,843424,1.2071375198,1.04157244164,1.44024078962
2020-04-10,31,169,,,,,,,32538,10499,74628,358081,118575,779901,428687,146461,918052,1.17175015111,1.02711531642,1.37066724805
2020-04-11,12,181,,,,,,,33078,10739,74884,378795,125106,829410,461766,157200,992936,1.14264676153,1.01521490116,1.31395802394
2020-04-12,12,193,,,,,,,33530,10975,75299,398264,131262,876383,495295,168176,1068234,1.11908308407,1.00223117122,1.26046016372
2020-04-13,23,216,,,,,,,33909,11208,75344,416327,136966,919825,529204,179384,1143577,1.10023491839,0.997009601566,1.22736150822
2020-04-14,14,230,,,,,,,34230,11441,75128,432871,142141,959283,563434,190826,1218705,1.08528844385,0.989080065474,1.19051734484
2020-04-15,24,254,,,,,,,34505,11673,74407,447828,146756,994364,597939,202500,1293112,1.07349866657,0.97745333855,1.16543569662
2020-04-16,20,274,,,,,,,34744,11926,73951,461182,151060,1023925,632684,214426,1367062,1.06421879197,0.963364179635,1.14640085024
2020-04-17,26,300,,,,,,,34955,12092,73355,472960,155139,1048287,667639,226518,1440416,1.05690824647,0.954016895649,1.13175509577
2020-04-18,48,348,,,,,,,35143,12242,72968,483233,159034,1068263,702781,238760,1513384,1.05112754658,0.946594587713,1.11690344689
2020-04-19,52,400,,,,,,,35313,12410,72536,492108,162847,1083081,738094,251170,1585919,1.04652652155,0.938265216185,1.11024778982
2020-04-20,45,445,,,,,,,35468,12576,71651,499721,166484,1092674,773563,263747,1657570,1.0428302313,0.933947523218,1.10620956406
2020-04-21,39,484,,,,,,,35612,12788,71180,506224,170044,1098273,809175,276535,1728749,1.03982509477,0.931179373075,1.10219285096
2020-04-22,46,530,,,,,,,35747,12996,70704,511778,173533,1100621,844922,289532,1799453,1.03734646782,0.927439729978,1.09913387907
2020-04-23,42,572,,,,,,,35874,13164,70199,516538,176920,1100017,880796,302697,1869651,1.03526812443,0.925745787656,1.09665954563
2020-04-24,62,634,,,,,,,35994,13445,69349,520642,180181,1095576,916791,316143,1939000,1.0334936623,0.923735949991,1.09484842796
2020-04-25,66,700,,,,,,,36109,13674,68830,524213,183356,1089777,952900,329817,2007829,1.03194964735,0.921931682237,1.0938725642
2020-04-26,28,728,,,,,,,36219,13839,68512,527354,186456,1083406,989120,343657,2076341,1.03058023489,0.920396047005,1.09307514917
2020-04-27,54,782,,,,,,,36325,14092,67989,530149,189574,1076096,1025445,357750,2144330,1.02934299819,0.918087017139,1.09222951188
2020-04-28,72,854,,,,,,,36427,14334,67383,532668,192699,1068135,1061872,372084,2211712,1.02820571986,0.916308345876,1.09184338063
2020-04-29,89,943,,,,,,,36526,14568,66670,534964,195826,1059677,1098398,386652,2278382,1.02714393781,0.914716009501,1.09111355042
2020-04-30,108,1051,,,,,,,36621,14799,66019,537080,198951,1051289,1135020,401451,2344401,1.02613907571,0.91314685208,1.09079178045
2020-05-01,73,1124,,,,,,,36714,15062,65103,539050,202088,1042442,1171733,416514,2409503,1.02517702235,0.911274449342,1.09037417379
2020-05-02,76,1200,,,,,,,36803,15224,64380,540898,205220,1033467,1208536,431739,2473883,1.02424705401,0.909556666127,1.0899626251
2020-05-03,86,1286,,,,,,,36890,15389,63815,542644,208368,1024314,1245426,447128,2537697,1.02334101769,0.908262894537,1.0895542684
2020-05-04,58,1344,,,,,,,36973,15671,62794,544305,211629,1014572,1282399,462800,2600491,1.02244976842,0.906974259419,1.08914685572
2020-05-05,100,1444,,,,,,,37054,15961,61926,545891,215014,1004847,1319453,478761,2662417,1.02157067011,0.905928450853,1.08868922803
2020-05-06,89,1533,,,,,,,37133,16137,61582,547411,218362,995249,1356586,494898,2723998,1.02070208026,0.904912230539,1.08819342138
2020-05-07,94,1627,,,,,,,37208,16212,61002,548872,221578,985547,1393794,511111,2784999,1.01984092116,0.903922814416,1.08777594501
2020-05-08,87,1714,,,,,,,37281,16352,60517,550279,224766,975865,1431075,527463,2845516,1.01898360139,0.902958085866,1.0873085842
2020-05-09,100,1814,,,,,,,37351,16525,60068,551636,227846,966584,1468427,543989,2905583,1.01812700661,0.901979777199,1.08687886793
2020-05-10,75,1889,,,,,,,37419,16710,59752,552946,230882,957506,1505846,560699,2965335,1.01727892105,0.900757860843,1.08644234849
2020-05-11,72,1961,,,,,,,37484,16884,59632,554211,233927,948626,1543330,577584,3024967,1.01643457979,0.899782100198,1.08599616429
2020-05-12,96,2057,,,,,,,37547,17044,59251,555432,236879,939888,1580877,594629,3084217,1.01559038828,0.898827815687,1.08554626523
2020-05-13,112,2169,,,,,,,37607,17224,58780,556611,239769,931285,1618484,611854,3142997,1.01474758869,0.897894798411,1.08508897997
2020-05-14,98,2267,,,,,,,37664,17515,58595,557749,242716,923210,1656147,629369,3201591,1.013904778,0.896984788008,1.08462430335
2020-05-15,125,2392,,,,,,,37718,17723,58604,558846,245640,915795,1693866,647092,3260195,1.01306471348,0.896097292072,1.08415225437
2020-05-16,131,2523,,,,,,,37770,17779,58918,559902,248358,909610,1731635,664872,3319112,1.01222452251,0.895231738118,1.08367287831
2020-05-17,125,2648,,,,,,,37819,17655,58891,560918,250788,904121,1769454,682528,3378003,1.01138483288,0.894389014061,1.08318625911
2020-05-18,141,2789,,,,,,,37865,17767,58863,561893,253166,899169,1807319,700295,3436866,1.01054645508,0.893570466197,1.08269253074
2020-05-19,125,2914,,,,,,,37909,18049,58941,562829,255544,895316,1845228,718344,3495807,1.00971043684,0.892778087955,1.08219188987
2020-05-20,110,3024,,,,,,,37949,18052,59190,563724,257635,892580,1883177,736397,3554996,1.00887813932,0.892014768493,1.08168461477
2020-05-21,124,3148,,,,,,,37987,18095,59003,564578,259594,890001,1921164,754493,3613998,1.00805133888,0.891284663523,1.08117108751
2020-05-22,96,3244,,,,,,,38022,18271,58969,565392,261653,887968,1959187,772764,3672967,1.00723236216,0.890593698446,1.08065182483
2020-05-23,129,3373,,,,,,,38055,18325,59375,566166,263626,886827,1997242,791090,3732342,1.00642426671,0.889950296572,1.08012751758
2020-05-24,83,3456,,,,,,,38085,18405,59730,566900,265506,886489,2035327,809496,3792071,1.00563108036,0.88936639507,1.07959908108
2020-05-25,173,3629,,,,,,,38113,18515,60185,567594,267312,886921,2073440,828012,3852256,1.00485811815,0.888858860061,1.07906772015
2020-05-26,159,3788,,,,,,,38139,18625,60295,568248,269052,887584,2111578,846637,3912550,1.0041124012,0.88845145519,1.07853489432
2020-05-27,195,3983,,,,,,,38163,18715,60477,568864,270723,888810,2149741,865352,3973027,1.0034032064,0.888460691022,1.07800161127
2020-05-28,116,4099,,,,,,,38185,18759,60828,569443,272258,890858,2187926,884112,4033854,1.00274278091,0.888701607983,1.07747129911
2020-05-29,131,4230,,,,,,,38208,18651,61271,569987,273394,893534,2226134,902763,4095125,1.0021472523,0.889061230391,1.07689013882
2020-05-30,141,4371,,,,,,,38230,18785,61640,570499,274456,896570,2264364,921549,4156764,1.00163779703,0.890251665574,1.07631099423
2020-05-31,135,4506,,,,,,,38253,19078,61958,570982,275755,899610,2302617,940627,4218722,1.00124203449,0.89172249456,1.07572837776
2020-06-01,128,4634,,,,,,,38279,19137,62181,571442,277237,902901,2340896,959765,4280903,1.00099565117,0.893864396711,1.07514449329
2020-06-02,133,4767,,,,,,,38308,18781,62380,571885,278251,906417,2379204,978547,4343283,1.00094410799,0.895554420971,1.07448625265
2020-06-03,127,4894,,,,,,,38343,18609,62536,572320,278812,910012,2417548,997156,4405819,1.00114410237,0.898620218261,1.07490689005
2020-06-04,137,5031,,,,,,,38387,18580,62660,572758,279339,913483,2455935,1015737,4468478,1.00166417778,0.901823821502,1.0754287688
2020-06-05,131,5162,,,,,,,38443,18554,62853,573214,279798,917333,2494378,1034291,4531331,1.00258342863,0.904455393122,1.07510467947
2020-06-06,139,5301,,,,,,,38514,18632,63085,573706,280159,921449,2532892,1052924,4594416,1.00398684303,0.906971110077,1.07655836499
2020-06-07,164,5465,,,,,,,38604,18598,63277,574255,280432,925351,2571497,1071523,4657692,1.00595578815,0.910070972632,1.07754103944
2020-06-08,106,5571,,,,,,,38718,18414,63431,574887,280441,929051,2610214,1089937,4721122,1.0085531781,0.912211396402,1.08119153684
2020-06-09,167,5738,,,,,,,38858,18373,63644,575632,280299,932511,2649072,1108311,4784766,1.01180562066,0.915358766073,1.08650468607
2020-06-10,165,5903,,,,,,,39027,18419,63798,576520,280094,936014,2688099,1126731,4848563,1.01568875534,0.919565091057,1.09008446614
2020-06-11,185,6088,,,,,,,39228,18496,63413,577585,279875,938949,2727326,1145228,4911975,1.02012407604,0.924108124255,1.10453582841
2020-06-12,0,6088,,,,,,,39461,18555,63415,578861,279671,941536,2766787,1163783,4975390,1.02499162456,0.928550157036,1.115600201
2020-06-13,220,6308,,,,,,,39727,18790,63296,580381,279810,943560,2806515,1182574,5038685,1.03015317618,0.934117155869,1.13658266591
2020-06-14,380,6688,,,,,,,40028,19183,63069,582178,280208,944989,2846542,1201757,5101753,1.0354729455,0.936839658403,1.15556003117
2020-06-15,172,6860,,,,,,,40362,19586,63051,584287,280715,946082,2886904,1221343,5164804,1.04082620827,0.936103654299,1.17210636992
2020-06-16,196,7056,,,,,,,40729,19698,63198,586737,281276,947098,2927633,1241041,5228001,1.04609800857,0.939212235319,1.18529107174
2020-06-17,201,7257,,,,,,,41128,20260,63526,589556,282755,948244,2968761,1261302,5291526,1.05118154045,0.939051575847,1.19553907604
2020-06-18,204,7461,,,,,,,41557,20556,63341,592770,284701,949049,3010318,1281858,5354867,1.05598145176,0.941241450119,1.20361296836
2020-06-19,199,7660,,,,,,,42016,21482,63116,596399,287604,949505,3052334,1303341,5417983,1.06041827905,0.93957589562,1.20876880462
2020-06-20,201,7861,,,,,,,42501,22067,62610,600457,291117,949262,3094835,1325408,5480592,1.06442828465,0.933880675289,1.21361953417
2020-06-21,184,8045,,,,,,,43012,22622,62594,604955,295106,948770,3137847,1348031,5543185,1.06795949499,0.928117072989,1.21777218476
2020-06-22,178,8223,,,,,,,43545,23479,62957,609895,299987,948450,3181392,1371510,5606141,1.07097021025,0.923887460343,1.22303107092
2020-06-23,181,8404,,,,,,,44098,24405,63706,615275,305977,948725,3225490,1395915,5669847,1.07343362797,0.920071041674,1.2292019582
2020-06-24,182,8586,,,,,,,44670,25287,64010,621087,312891,949090,3270159,1421203,5733856,1.07534523579,0.917192939637,1.23324755145
2020-06-25,175,8761,,,,,,,45258,25962,64507,627318,320434,949799,3315417,1447165,5798362,1.07672655395,0.915018475261,1.23544109846
2020-06-26,178,8939,,,,,,,45861,26455,65076,633952,328392,951463,3361278,1473621,5863438,1.07762203573,0.91271851063,1.23575080869
2020-06-27,196,9135,,,,,,,46479,27164,66048,640970,337001,954096,3407757,1500785,5929485,1.0780909005,0.911110810773,1.23580442937
2020-06-28,182,9317,,,,,,,47110,27871,66553,648353,346082,957353,3454868,1528657,5996038,1.0781978358,0.908718738851,1.23592335844
2020-06-29,187,9504,,,,,,,47750,28927,67436,656076,355827,961721,3502618,1557585,6063473,1.07792867153,0.907059339977,1.23477294384
2020-06-30,173,9677,,,,,,,48403,29065,68724,664116,365307,967393,3551021,1586650,6132196,1.07742397521,0.905517002649,1.23359110177
2020-07-01,183,9860,,,,,,,49065,29219,70197,672453,374828,974393,3600086,1615870,6202393,1.07670660106,0.904174248224,1.2317258275
2020-07-02,185,10045,,,,,,,49736,30120,72167,681061,384688,983034,3649822,1645990,6274560,1.07580532814,0.902983257605,1.23107497642
2020-07-03,181,10226,,,,,,,50415,30366,73674,689919,394498,993367,3700237,1676357,6348234,1.07473801008,0.901907292523,1.22852975769
2020-07-04,186,10412,,,,,,,51095,30234,74891,698998,403250,1005141,3751332,1706591,6423124,1.07342783665,0.900579962604,1.22941220861
2020-07-05,177,10589,,,,,,,51779,30627,76885,708275,411810,1019417,3803111,1737219,6500009,1.07197196522,0.898822997076,1.22816864979
2020-07-06,183,10772,,,,,,,52460,30546,78024,717724,419734,1034847,3855570,1767765,6578032,1.07028363247,0.897222103892,1.22724948007
2020-07-07,180,10952,,,,,,,53136,30310,79830,727315,426565,1051721,3908706,1798076,6657862,1.06836902605,0.896191763571,1.22501109253
2020-07-08,181,11133,,,,,,,53799,30280,81328,737015,432440,1069343,3962505,1828356,6739189,1.06616105084,0.894861173702,1.22301255981
2020-07-09,181,11314,,,,,,,54437,30160,83065,746783,437313,1088398,4016942,1858517,6822254,1.06351782741,0.894026029479,1.21952832913
2020-07-10,186,11500,,,,,,,55047,29729,84785,756572,441081,1108677,4071989,1888246,6907038,1.06045579093,0.893426715672,1.21615268152
2020-07-11,182,11682,,,,,,,55612,29092,86053,766323,443718,1129653,4127601,1917339,6993091,1.05681836995,0.892838760734,1.21447184757
2020-07-12,188,11870,,,,,,,56124,28514,87038,775968,445068,1150643,4183725,1945853,7080128,1.0525872588,0.892263795747,1.20963607497
2020-07-13,184,12054,,,,,,,56570,28095,87486,785427,445292,1171576,4240295,1973949,7167613,1.04770386523,0.891701612964,1.20555798325
2020-07-14,175,12229,,,,,,,56941,28017,87995,794618,444382,1192135,4297236,2001967,7255608,1.04217343565,0.890534423389,1.19847609932
2020-07-15,188,12417,,,,,,,57230,27873,88767,803445,443190,1212178,4354465,2029841,7344374,1.03605201653,0.888079965745,1.19212425612
2020-07-16,198,12615,,,,,,,57431,27403,88440,811811,441373,1230421,4411897,2057244,7432814,1.02939721984,0.885481503284,1.18145215966
2020-07-17,184,12799,,,,,,,57546,27241,87516,819621,438495,1245770,4469443,2084486,7520329,1.02236834398,0.878627422247,1.17691473076
2020-07-18,199,12998,,,,,,,57572,26497,86910,826778,434626,1259006,4527015,2110983,7607239,1.01504918887,0.874971341645,1.17319411603
2020-07-19,189,13187,,,,,,,57508,25741,86101,833192,430133,1270216,4584524,2136724,7693339,1.00753038931,0.867007697385,1.1646055356
2020-07-20,197,13384,,,,,,,57356,25117,85664,838769,424622,1278995,4641879,2161842,7779003,0.999896452908,0.853110970783,1.15963300689
2020-07-21,195,13579,,,,,,,57117,24494,85301,843426,418570,1286271,4698996,2186336,7864303,0.992228494482,0.845877747693,1.14457157694
2020-07-22,188,13767,,,,,,,56796,23813,85590,847086,412073,1292031,4755792,2210150,7949893,0.984600306914,0.838941956875,1.13745703603
2020-07-23,3887,17654,,,,,,,56399,23070,84832,849686,404863,1295536,4812191,2233220,8034725,0.977074355044,0.83065424288,1.13009314309
2020-07-24,189,17843,,,,,,,55929,22333,84517,851178,397036,1296988,4868121,2255553,8119241,0.969705112098,0.824019628041,1.12632638554
2020-07-25,0,17843,,,,,,,55392,21475,83619,851524,388782,1295822,4923513,2277029,8202859,0.962546887424,0.81749074766,1.12317531336
2020-07-26,0,17843,,,,,,,54795,20717,83592,850707,380407,1293361,4978308,2297747,8286451,0.955655887444,0.813466312011,1.11647092056
2020-07-27,575,18418,,,,,,,54145,20059,83748,848728,371952,1290071,5032453,2317806,8370198,0.949081472009,0.807480233758,1.11188156728
2020-07-28,194,18612,,,,,,,53447,19537,83544,845604,363394,1286129,5085899,2337344,8453741,0.942852790792,0.805485250204,1.10770830098
2020-07-29,204,18816,,,,,,,52707,19025,82652,841371,354402,1280786,5138607,2356370,8536393,0.9369713003,0.800339972872,1.10255770951
2020-07-30,0,18816,,,,,,,51929,18524,82189,836070,345053,1274207,5190535,2374894,8618581,0.931413981678,0.798228855461,1.09682736517
2020-07-31,205,19021,,,,,,,51115,18068,82143,829754,335719,1267911,5241650,2392963,8700724,0.926144101945,0.796509165531,1.08539813581
2020-08-01,0,19021,,,,,,,50269,17648,81901,822476,326125,1262295,5291919,2410611,8782624,0.921123265249,0.795479044149,1.07601668784
2020-08-02,593,19614,,,,,,,49392,17236,81130,814296,316864,1256515,5341311,2427848,8863754,0.9163203103,0.7947961931,1.06728171826
2020-08-03,197,19811,,,,,,,48489,16832,80619,805276,307956,1251033,5389800,2444680,8944372,0.911715721413,0.794220259241,1.05654108144
2020-08-04,196,20007,,,,,,,47562,16430,79697,795482,299269,1245067,5437361,2461111,9024069,0.907302256089,0.793584559254,1.04789801464
2020-08-05,221,20228,,,,,,,46614,15919,79571,784980,290694,1239337,5483976,2477030,9103639,0.903083174885,0.791577622753,1.03694798299
2020-08-06,196,20424,,,,,,,45650,15317,79199,773833,282198,1232946,5529626,2492348,9182838,0.899069341264,0.790751226694,1.02631730927
2020-08-07,225,20649,,,,,,,44674,14733,78167,762108,273861,1226280,5574300,2507081,9261005,0.895276015841,0.789583020188,1.01245202556
2020-08-08,0,20649,,,,,,,43689,14368,77335,749868,265895,1219098,5617988,2521449,9338339,0.891719708069,0.78739272023,1.00361120125
2020-08-09,423,21072,,,,,,,42699,14024,76608,737175,258445,1212087,5660688,2535474,9414946,0.888415196041,0.785252192031,0.993367815586
2020-08-10,204,21276,,,,,,,41710,13688,75769,724090,251416,1204264,5702398,2549163,9490714,0.885372855939,0.783980594178,0.983277690911
2020-08-11,225,21501,,,,,,,40725,13308,74524,710670,244664,1195040,5743123,2562471,9565238,0.882596610657,0.782048507601,0.978831769759
2020-08-12,0,21501,,,,,,,39747,12837,73634,696970,237965,1185130,5782870,2575309,9638871,0.880082867148,0.778944805622,0.976584256895
2020-08-13,212,21713,,,,,,,38779,12299,72680,683042,231238,1175158,5821648,2587609,9711550,0.877820639913,0.778340172478,0.974026916233
2020-08-14,4143,25856,,,,,,,37823,11714,71561,668936,224428,1164530,5859472,2599323,9783110,0.875792741923,0.777260630937,0.972068895244
2020-08-15,0,25856,,,,,,,36882,11257,70058,654703,217617,1152445,5896354,2610580,9853168,0.8739776553,0.774481283936,0.969280064481
2020-08-16,219,26075,,,,,,,35957,10866,69234,640392,210836,1139778,5932311,2621447,9922401,0.872351600755,0.773902575404,0.966832531414
2020-08-17,206,26281,,,,,,,35050,10423,68500,626050,204022,1127147,5967361,2631870,9990900,0.870890405469,0.773382870505,0.966064674142
2020-08-18,200,26481,,,,,,,34160,9998,67383,611721,197188,1113911,6001520,2641869,10058283,0.869570937982,0.771724384589,0.964508995649
2020-08-19,177,26658,,,,,,,33288,9617,66635,597447,190375,1100849,6034808,2651486,10124917,0.868372045269,0.771624819897,0.962594244811
2020-08-20,176,26834,,,,,,,32435,9346,65460,583268,183802,1086738,6067243,2660833,10190377,0.867275041634,0.771309617485,0.960993656736
2020-08-21,200,27034,,,,,,,31601,9082,64323,569218,177567,1071862,6098844,2669915,10254699,0.866263853072,0.771010353806,0.958913945314
2020-08-22,211,27245,,,,,,,30786,8695,63570,555331,171529,1057265,6129630,2678610,10318269,0.865324929746,0.770329172438,0.957569421054
2020-08-23,208,27453,,,,,,,29990,8338,63141,541632,165499,1043071,6159620,2686949,10381409,0.86444702341,0.768996079716,0.956226109912
2020-08-24,210,27663,,,,,,,29212,7976,62162,528144,159451,1028625,6188832,2694926,10443571,0.863620901976,0.76780600399,0.954955408463
2020-08-25,150,27813,,,,,,,28453,7599,61134,514886,153361,1013990,6217284,2702525,10504704,0.862839049443,0.766760827422,0.953620462398
2020-08-26,188,28001,,,,,,,27712,7270,60112,501873,147323,999579,6244996,2709795,10564816,0.862095379981,0.765867873165,0.952297530516
2020-08-27,123,28124,,,,,,,26989,6914,59394,489115,141400,985339,6271985,2716710,10624210,0.861384981097,0.76511440645,0.950716980161
2020-08-28,153,28277,,,,,,,26283,6547,58576,476620,135648,971236,6298268,2723258,10682786,0.860703891672,0.764465384567,0.949015501033
2020-08-29,194,28471,,,,,,,25595,6208,57490,464392,130143,957166,6323864,2729466,10740275,0.860048915228,0.763915451809,0.947867175944
2020-08-30,136,28607,,,,,,,24924,6031,56420,452434,124917,943527,6348788,2735498,10796695,0.859417465837,0.763439332828,0.946572994432
2020-08-31,181,28788,,,,,,,24270,5859,55345,440747,119910,929639,6373058,2741357,10852039,0.858807442762,0.76302336379,0.945267292662
2020-09-01,156,28944,,,,,,,23632,5625,54569,429329,115112,915708,6396690,2746983,10906608,0.858217129538,0.762656698623,0.94375093138
2020-09-02,124,29068,,,,,,,23010,5280,53808,418179,110395,902133,6419699,2752264,10960416,0.857645113374,0.762225857614,0.942129047674
2020-09-03,0,29068,,,,,,,22403,5045,52977,407294,105823,888476,6442102,2757310,11013392,0.857090221181,0.761936619481,0.94127403649
2020-09-04,337,29405,,,,,,,21812,4805,52087,396671,101282,875103,6463914,2762115,11065479,0.856551469002,0.761740869876,0.940557440925
2020-09-05,149,29554,,,,,,,21235,4613,51198,386305,96813,861978,6485149,2766729,11116677,0.856028022193,0.761563369505,0.939214076896
2020-09-06,133,29687,,,,,,,20674,4428,50727,376193,92547,849135,6505823,2771157,11167404,0.855519164147,0.761401396718,0.937805123401
2020-09-07,151,29838,,,,,,,20126,4251,50117,366330,88460,836112,6525950,2775409,11217520,0.855024271765,0.761194909889,0.936419628319
2020-09-08,138,29976,,,,,,,19593,4081,49418,356711,84565,823368,6545542,2779491,11266938,0.854542796255,0.76098667532,0.936578024854
2020-09-09,147,30123,,,,,,,19073,3919,48716,347331,80885,810949,6564615,2783410,11315653,0.854074248112,0.760792661299,0.935741650446
2020-09-10,113,30236,,,,,,,18566,3713,48011,338185,77328,798848,6583182,2787124,11363664,0.853618185373,0.760611394903,0.934483874677
2020-09-11,108,30344,,,,,,,18073,3543,47361,329270,73957,786815,6601255,2790667,11411025,0.853174204434,0.760457378538,0.933242842753
2020-09-12,126,30470,,,,,,,17592,3381,46532,320578,70791,774771,6618847,2794049,11457556,0.85274193288,0.760330172463,0.93282156511
2020-09-13,56,30526,,,,,,,17123,3227,45705,312106,67810,762985,6635970,2797277,11503260,0.852321023862,0.760211110179,0.93207989187
2020-09-14,,,125.08141801,40,231,30651.081418,30566,30757,16667,3079,44863,303849,64858,751429,6652637,2800356,11548123,0.851911151711,0.760099438429,0.931348356114
2020-09-15,,,122.972997128,39,230,30774.0544151,30606,30987,16222,2939,44027,295802,61937,740111,6668860,2803295,11592150,0.851512008491,0.759993210075,0.930626937698
2020-09-16,,,120.845528681,38,228,30894.8999438,30644,31214,15789,2805,43178,287959,59117,728720,6684649,2806101,11635328,0.851123301294,0.759892458182,0.929934687053
2020-09-17,,,118.70432822,36,226,31013.604272,30680,31439,15368,2668,42286,280317,56505,717198,6700017,2808770,11677613,0.850744750119,0.759797539459,0.929334424362
2020-09-18,,,116.554292874,35,225,31130.1585649,30716,31664,14957,2550,41402,272871,54009,705623,6714973,2811320,11719015,0.850376086194,0.75970802571,0.928742737336
2020-09-19,,,114.399925899,34,223,31244.5584908,30750,31886,14556,2436,40528,265616,51640,694064,6729530,2813756,11759542,0.850017050644,0.759623538078,0.928159578705
2020-09-20,,,112.24536223,32,222,31356.803853,30783,32108,14167,2326,39664,258547,49354,682530,6743696,2816083,11799206,0.849667393444,0.759543738487,0.927584898657
2020-09-21,,,110.09439405,31,221,31466.8982471,30815,32329,13787,2220,38810,251660,47145,670612,6757484,2818303,11838016,0.849326872573,0.759468322868,0.927051713288
2020-09-22,,,107.950493041,31,220,31574.8487401,30846,32549,13418,2118,37967,244952,45013,658462,6770901,2820422,11875982,0.848995253339,0.759397015757,0.926240088565
2020-09-23,,,105.816828764,30,219,31680.6655689,30877,32767,13058,2022,37135,238416,42953,646179,6783959,2822444,11913116,0.848672307828,0.75932956599,0.925440579725
2020-09-24,,,103.696284776,29,218,31784.3618537,30906,32984,12707,1929,36313,232051,40964,633777,6796666,2824374,11949429,0.84835781446,0.759265743239,0.924652750246
2020-09-25,,,101.591473862,28,215,31885.9533275,30934,33199,12366,1839,35591,225850,39089,621357,6809032,2826213,11985020,0.848051557618,0.759205335224,0.92382211692
2020-09-26,,,99.5047528843,27,213,31985.4580804,30962,33411,12033,1752,34908,219811,37298,608904,6821065,2827966,12019928,0.84775332734,0.759148145439,0.922905275761
2020-09-27,,,97.4382362478,26,211,32082.8963167,30988,33622,11710,1670,34232,213929,35587,596605,6832775,2829636,12054160,0.847462919062,0.759093991301,0.922002749575
2020-09-28,,,94.4637395929,24,207,32177.3600563,31013,33829,11395,1592,33563,208200,33952,584463,6844170,2831229,12087723,0.847180133391,0.759025150126,0.921231290818
2020-09-29,,,91.5699759524,23,202,32268.9300322,31037,34031,11088,1516,32902,202621,32388,572501,6855258,2832745,12120624,0.846904775915,0.758956202293,0.920496539602
2020-09-30,,,88.7560391345,22,198,32357.6860713,31059,34228,10790,1441,32247,197188,30891,560721,6866048,2834187,12152871,0.846636657033,0.758890897089,0.919773656482
2020-10-01,,,86.020864675,21,194,32443.706936,31080,34421,10499,1380,31601,191898,29465,549144,6876547,2835567,12184471,0.8463755918,0.758829036766,0.919062561866
2020-10-02,,,83.3632485104,20,190,32527.0701845,31100,34611,10216,1311,30962,186746,28108,537819,6886763,2836879,12215432,0.846121399797,0.758770435145,0.918363172041
2020-10-03,,,80.7818654398,19,186,32607.85205,31120,34796,9941,1249,30331,181730,26808,526748,6896703,2838128,12245762,0.845873904998,0.758714916744,0.917675399377
2020-10-04,,,78.2752871476,18,183,32686.1273371,31138,34979,9672,1190,29708,176846,25562,515928,6906376,2839318,12275469,0.845632935661,0.75866231601,0.916999152523
2020-10-05,,,75.8419996579,17,179,32761.9693368,31156,35157,9411,1134,29093,172091,24369,505357,6915787,2840453,12304562,0.845398324211,0.758612476638,0.916334336602
2020-10-06,,,73.4804201317,16,175,32835.4497569,31172,35332,9157,1080,28487,167461,23230,495033,6924945,2841533,12333048,0.845169907146,0.758565250967,0.915680853407
2020-10-07,,,71.1889128632,15,173,32906.6386698,31188,35504,8910,1029,28035,162954,22141,485101,6933855,2842563,12361082,0.844947524935,0.75852049943,0.915038601593
2020-10-08,,,68.9658042495,14,170,32975.604474,31203,35673,8669,981,27463,158566,21100,475429,6942524,2843545,12388544,0.844731021925,0.758637482073,0.91440747686
2020-10-09,,,66.8093965059,14,166,33042.4138705,31217,35839,8435,935,26898,154294,20105,466013,6950960,2844480,12415442,0.844520246251,0.758575181243,0.913894686549
2020-10-10,,,64.7179799301,13,163,33107.1318505,31231,36001,8207,891,26341,150135,19158,456763,6959167,2845372,12441783,0.844315049755,0.758516149014,0.913322844802
2020-10-11,,,62.689843592,13,160,33169.821694,31244,36161,7985,849,26309,146087,18255,448164,6967152,2846221,12468091,0.844115287891,0.758460212363,0.912761118141
2020-10-12,,,60.7232843991,12,157,33230.5449784,31256,36318,7770,810,25649,142147,17395,439580,6974922,2847032,12493740,0.843920819657,0.75840720738,0.912209397
2020-10-13,,,58.8166145675,11,154,33289.361593,31268,36471,7559,772,25003,138311,16575,431019,6982481,2847804,12518742,0.843731507504,0.758358036975,0.911708024727
2020-10-14,,,56.9681676068,11,150,33346.3297606,31279,36621,7355,736,24385,134578,15795,422503,6989836,2848540,12543126,0.843547217266,0.758310591651,0.911152599777
2020-10-15,,,55.1763029859,10,147,33401.5060636,31290,36767,7156,702,23764,130944,15055,414019,6996992,2849243,12566890,0.843367818079,0.758265628062,0.910646662178
2020-10-16,,,53.4394096724,10,143,33454.9454733,31300,36910,6962,669,23155,127408,14345,405573,7003955,2849912,12590044,0.843193182313,0.758223014615,0.910262271154
2020-10-17,,,51.7559087388,9,140,33506.701382,31309,37049,6774,638,22558,123966,13672,397170,7010729,2850551,12612602,0.843023185495,0.758182626646,0.909884939849
2020-10-18,,,50.1242552108,9,136,33556.8256372,31319,37185,6591,609,21975,120616,13032,388814,7017320,2851160,12634576,0.842857706239,0.758144346059,0.9095145701
2020-10-19,,,48.5429393061,8,133,33605.3685765,31327,37318,6412,581,21699,117356,12423,380805,7023732,2851742,12656274,0.842696626178,0.758108060981,0.909151063795
2020-10-20,,,47.0104871918,8,130,33652.3790637,31335,37447,6239,566,21189,114184,11855,372901,7029971,2852308,12677462,0.842539829892,0.758073665438,0.908816263785
2020-10-21,,,45.5254613665,7,126,33697.9045251,31343,37573,6070,537,20841,111096,11311,365256,7036041,2852845,12698303,0.842387204849,0.758041059047,0.908492171506
2020-10-22,,,44.0864607513,7,123,33741.9909858,31351,37695,5906,508,20419,108092,10790,357640,7041947,2853354,12718722,0.842238641329,0.758010146722,0.907931831239
2020-10-23,,,42.6921205605,7,120,33784.6831064,31358,37814,5746,479,20003,105168,10288,350181,7047693,2853833,12738725,0.84209403237,0.7579808384,0.907243866536
2020-10-24,,,41.3411120027,6,117,33826.0242184,31364,37930,5590,451,19610,102323,9804,342893,7053283,2854285,12758334,0.841953273699,0.757953048777,0.906975013532
2020-10-25,,,40.0321418547,6,113,33866.0563603,31371,38043,5439,424,19161,99555,9337,335712,7058722,2854709,12777495,0.841816263669,0.757926697058,0.906595994006
2020-10-26,,,38.7639519405,6,111,33904.8203122,31377,38153,5292,398,18781,96862,8885,328185,7064014,2855107,12796275,0.841682903206,0.757901706725,0.90628365034
2020-10-27,,,37.5353185391,5,108,33942.3556307,31382,38261,5149,380,18387,94241,8456,320923,7069163,2855488,12814662,0.841553095741,0.757878005307,0.905977297201
2020-10-28,,,36.345051742,5,105,33978.7006825,31388,38366,5010,361,17999,91691,8046,313919,7074172,2855850,12832660,0.841426747157,0.757855524172,0.905699217198
2020-10-29,,,35.1919947746,5,103,34013.8926773,31393,38468,4874,344,17618,89210,7654,307152,7079046,2856194,12850278,0.841303765732,0.757834198326,0.905319161113
2020-10-30,,,34.0750232925,4,100,34047.9677006,31398,38568,4742,327,17244,86796,7279,300632,7083789,2856522,12867521,0.841184062078,0.757813966219,0.904946465093
2020-10-31,,,32.9930446632,4,98,34080.9607452,31402,38665,4614,311,17131,84448,6921,294609,7088403,2856833,12884652,0.841067549093,0.757794769566,0.904612225163
2020-11-01,,,31.9449972373,4,95,34112.9057425,31407,38760,4489,297,16732,82163,6579,288782,7092892,2857130,12901383,0.840954141903,0.757776553175,0.904242307606
