date,fips,county,state,total_cases,daily_positive_7day_ma,prevalence_ratio_mean,prevalence_ratio_lower,prevalence_ratio_upper,new_infected_mean,new_infected_lower,new_infected_upper,current_infected_mean,current_infected_lower,current_infected_upper,perc_current_infected_mean,perc_current_infected_lower,perc_current_infected_upper,total_infected_mean,total_infected_lower,total_infected_upper,perc_total_infected_mean,perc_total_infected_lower,perc_total_infected_upper
2020-01-22,11001,District of Columbia,DC,0,,,,,,,,,,,,,,,,,,,
2020-01-23,11001,District of Columbia,DC,0,,,,,,,,,,,,,,,,,,,
2020-01-24,11001,District of Columbia,DC,0,,,,,,,,,,,,,,,,,,,
2020-01-25,11001,District of Columbia,DC,0,,,,,,,,,,,,,,,,,,,
2020-01-26,11001,District of Columbia,DC,0,,,,,,,,,,,,,,,,,,,
2020-01-27,11001,District of Columbia,DC,0,,,,,,,,,,,,,,,,,,,
2020-01-28,11001,District of Columbia,DC,0,,,,,,,,,,,,,,,,,,,
2020-01-29,11001,District of Columbia,DC,0,,,,,,,,,,,,,,,,,,,
2020-01-30,11001,District of Columbia,DC,0,,,,,,,,,,,,,,,,,,,
2020-01-31,11001,District of Columbia,DC,0,,,,,,,,,,,,,,,,,,,
2020-02-01,11001,District of Columbia,DC,0,,,,,,,,,,,,,,,,,,,
2020-02-02,11001,District of Columbia,DC,0,,,,,,,,,,,,,,,,,,,
2020-02-03,11001,District of Columbia,DC,0,,,,,,,,,,,,,,,,,,,
2020-02-04,11001,District of Columbia,DC,0,,,,,,,,,,,,,,,,,,,
2020-02-05,11001,District of Columbia,DC,0,,,,,,,,,,,,,,,,,,,
2020-02-06,11001,District of Columbia,DC,0,,,,,,,,,,,,,,,,,,,
2020-02-07,11001,District of Columbia,DC,0,,,,,,,,,,,,,,,,,,,
2020-02-08,11001,District of Columbia,DC,0,,,,,,,,,,,,,,,,,,,
2020-02-09,11001,District of Columbia,DC,0,,,,,,,,,,,,,,,,,,,
2020-02-10,11001,District of Columbia,DC,0,,,,,,,,,,,,,,,,,,,
2020-02-11,11001,District of Columbia,DC,0,,,,,,,,,,,,,,,,,,,
2020-02-12,11001,District of Columbia,DC,0,,,,,,,,,,,,,,,,,,,
2020-02-13,11001,District of Columbia,DC,0,,,,,,,,,,,,,,,,,,,
2020-02-14,11001,District of Columbia,DC,0,,,,,,,,,,,,,,,,,,,
2020-02-15,11001,District of Columbia,DC,0,,,,,,,,,,,,,,,,,,,
2020-02-16,11001,District of Columbia,DC,0,,,,,,,,,,,,,,,,,,,
2020-02-17,11001,District of Columbia,DC,0,,,,,,,,,,,,,,,,,,,
2020-02-18,11001,District of Columbia,DC,0,,,,,,,,,,,,,,,,,,,
2020-02-19,11001,District of Columbia,DC,0,,,,,,,,,,,,,,,,,,,
2020-02-20,11001,District of Columbia,DC,0,,,,,,,,,,,,,,,,,,,
2020-02-21,11001,District of Columbia,DC,0,,,,,,,,,,,,,,,,,,,
2020-02-22,11001,District of Columbia,DC,0,,,,,,,,,,,,,,,,,,,
2020-02-23,11001,District of Columbia,DC,0,,,,,,,,,,,,,,,,,,,
2020-02-24,11001,District of Columbia,DC,0,,,,,,,,,,,,,,,,,,,
2020-02-25,11001,District of Columbia,DC,0,,,,,,,,,,,,,,,,,,,
2020-02-26,11001,District of Columbia,DC,0,,,,,,,,,,,,,,,,,,,
2020-02-27,11001,District of Columbia,DC,0,,,,,,,,,,,,,,,,,,,
2020-02-28,11001,District of Columbia,DC,0,,,,,42.4286,28.2857,63.6429,42.4286,28.2857,63.6429,6.01185e-05,4.0079e-05,9.01778e-05,42.4286,28.2857,63.6429,6.01185e-05,4.0079e-05,9.01778e-05
2020-02-29,11001,District of Columbia,DC,0,,,,,41.6429,27.7619,62.4643,84.0714,56.0476,126.107,0.000119124,7.94158e-05,0.000178686,84.0714,56.0476,126.107,0.000119124,7.94158e-05,0.000178686
2020-03-01,11001,District of Columbia,DC,0,,,,,46.2143,30.8095,69.3214,130.286,86.8571,195.429,0.000184606,0.000123071,0.000276909,130.286,86.8571,195.429,0.000184606,0.000123071,0.000276909
2020-03-02,11001,District of Columbia,DC,0,,,,,51.8036,34.5357,77.7054,182.089,121.393,273.134,0.000258009,0.000172006,0.000387013,182.089,121.393,273.134,0.000258009,0.000172006,0.000387013
2020-03-03,11001,District of Columbia,DC,0,,,,,64.7714,43.181,97.1571,246.861,164.574,370.291,0.000349785,0.00023319,0.000524678,246.861,164.574,370.291,0.000349785,0.00023319,0.000524678
2020-03-04,11001,District of Columbia,DC,0,,,,,79.6429,53.0952,119.464,326.504,217.669,489.755,0.000462634,0.000308423,0.000693951,326.504,217.669,489.755,0.000462634,0.000308423,0.000693951
2020-03-05,11001,District of Columbia,DC,0,,,,,90.1224,60.0816,135.184,416.626,277.751,624.939,0.000590332,0.000393554,0.000885498,416.626,277.751,624.939,0.000590332,0.000393554,0.000885498
2020-03-06,11001,District of Columbia,DC,0,,,,,104.061,69.3742,156.092,520.687,347.125,781.031,0.00073778,0.000491853,0.00110667,520.687,347.125,781.031,0.00073778,0.000491853,0.00110667
2020-03-07,11001,District of Columbia,DC,0,,,,,121.296,80.8639,181.944,641.983,427.989,962.975,0.000909648,0.000606432,0.00136447,641.983,427.989,962.975,0.000909648,0.000606432,0.00136447
2020-03-08,11001,District of Columbia,DC,0,,,,,142.041,94.6939,213.061,784.024,522.683,1176.04,0.00111091,0.000740607,0.00166637,784.024,522.683,1176.04,0.00111091,0.000740607,0.00166637
2020-03-09,11001,District of Columbia,DC,0,,,,,165.378,110.252,248.066,949.402,632.934,1424.1,0.00134524,0.000896826,0.00201786,949.402,632.934,1424.1,0.00134524,0.000896826,0.00201786
2020-03-10,11001,District of Columbia,DC,0,,,,,181.367,120.912,272.051,1130.77,753.846,1696.15,0.00160223,0.00106815,0.00240334,1130.77,753.846,1696.15,0.00160223,0.00106815,0.00240334
2020-03-11,11001,District of Columbia,DC,0,,,,,190.898,127.265,286.347,1321.67,881.111,1982.5,0.00187272,0.00124848,0.00280907,1321.67,881.111,1982.5,0.00187272,0.00124848,0.00280907
2020-03-12,11001,District of Columbia,DC,0,,,,,207.365,138.243,311.047,1529.03,1019.35,2293.55,0.00216654,0.00144436,0.00324981,1529.03,1019.35,2293.55,0.00216654,0.00144436,0.00324981
2020-03-13,11001,District of Columbia,DC,0,,,,,233.603,155.736,350.405,1762.63,1175.09,2643.95,0.00249754,0.00166503,0.00374631,1762.63,1175.09,2643.95,0.00249754,0.00166503,0.00374631
2020-03-14,11001,District of Columbia,DC,0,,,,,267.468,178.312,401.202,1987.67,1325.12,2981.51,0.0028164,0.0018776,0.00422461,2030.1,1353.4,3045.15,0.00287652,0.00191768,0.00431478
2020-03-15,11001,District of Columbia,DC,0,,,,,307.409,204.939,461.113,2253.44,1502.29,3380.16,0.00319298,0.00212865,0.00478946,2337.51,1558.34,3506.27,0.0033121,0.00220807,0.00496815
2020-03-16,11001,District of Columbia,DC,22,3.14286,13.5,9,20.25,338.318,225.545,507.477,2545.54,1697.03,3818.32,0.00360687,0.00240458,0.0054103,2675.83,1783.89,4013.74,0.00379147,0.00252765,0.00568721
2020-03-17,11001,District of Columbia,DC,22,3.14286,13,8.66667,19.5,381.258,254.172,571.887,2875,1916.67,4312.5,0.00407368,0.00271579,0.00611052,3057.09,2038.06,4585.63,0.00433169,0.00288779,0.00649754
2020-03-18,11001,District of Columbia,DC,31,4.42857,12.5,8.33333,18.75,444.206,296.138,666.31,3254.43,2169.62,4881.65,0.00461132,0.00307421,0.00691698,3501.29,2334.2,5251.94,0.0049611,0.0033074,0.00744165
2020-03-19,11001,District of Columbia,DC,40,5.71429,12,8,18,512.031,341.354,768.047,3686.82,2457.88,5530.23,0.00522398,0.00348266,0.00783598,4013.33,2675.55,6019.99,0.00568662,0.00379108,0.00852993
2020-03-20,11001,District of Columbia,DC,71,10.1429,11.5,7.66667,17.25,575.96,383.973,863.939,4172.66,2781.77,6258.99,0.00591238,0.00394159,0.00886858,4589.28,3059.52,6883.93,0.00650272,0.00433514,0.00975407
2020-03-21,11001,District of Columbia,DC,98,14,11,7.33333,16.5,635.845,423.897,953.768,4704.44,3136.3,7056.66,0.00666589,0.00444392,0.00999883,5225.13,3483.42,7837.7,0.00740367,0.00493578,0.0111055
2020-03-22,11001,District of Columbia,DC,102,14.5714,10.5,7,15.75,710.334,473.556,1065.5,5293.48,3528.99,7940.22,0.00750052,0.00500034,0.0112508,5935.46,3956.98,8903.2,0.00841016,0.00560678,0.0126152
2020-03-23,11001,District of Columbia,DC,120,14,10,6.66667,15,803.255,535.503,1204.88,5954.7,3969.8,8932.04,0.00843741,0.00562494,0.0126561,6738.72,4492.48,10108.1,0.00954832,0.00636555,0.0143225
2020-03-24,11001,District of Columbia,DC,141,17,9.5,6.33333,14.25,889.768,593.179,1334.65,6679.09,4452.72,10018.6,0.00946383,0.00630922,0.0141957,7628.49,5085.66,11442.7,0.0108091,0.00720604,0.0162136
2020-03-25,11001,District of Columbia,DC,187,22.2857,9,6,13.5,952.387,634.925,1428.58,7450.11,4966.74,11175.2,0.0105563,0.00703754,0.0158345,8580.87,5720.58,12871.3,0.0121585,0.00810569,0.0182378
2020-03-26,11001,District of Columbia,DC,231,27.2857,8.5,5.66667,12.75,998.493,665.662,1497.74,8257.7,5505.13,12386.5,0.0117006,0.00780041,0.0175509,9579.37,6386.25,14369,0.0135733,0.00904889,0.02036
2020-03-27,11001,District of Columbia,DC,271,28.5714,8,5.33333,12,1040.82,693.882,1561.23,9091.16,6060.77,13636.7,0.0128816,0.00858772,0.0193224,10620.2,7080.13,15930.3,0.0150481,0.0100321,0.0225722
2020-03-28,11001,District of Columbia,DC,304,29.4286,7.5,5,11.25,1073.1,715.399,1609.64,9930.65,6620.44,14896,0.0140711,0.00938072,0.0211066,11693.3,7795.53,17539.9,0.0165686,0.0110457,0.0248529
2020-03-29,11001,District of Columbia,DC,342,34.2857,7.82442,5.21628,11.7366,1060.01,706.672,1590.01,10723.2,7148.8,16084.8,0.0151941,0.0101294,0.0227911,12753.3,8502.2,19129.9,0.0180706,0.0120471,0.0271059
2020-03-30,11001,District of Columbia,DC,401,40.1429,8.06299,5.37533,12.0945,1045.91,697.273,1568.86,11461.7,7641.13,17192.5,0.0162405,0.010827,0.0243607,13799.2,9199.47,20698.8,0.0195526,0.013035,0.0293288
2020-03-31,11001,District of Columbia,DC,495,50.5714,7.881,5.254,11.8215,1025.32,683.546,1537.98,12148.7,8099.13,18223,0.0172139,0.0114759,0.0258208,14824.5,9883.02,22236.8,0.0210054,0.0140036,0.031508
2020-04-01,11001,District of Columbia,DC,586,57,8.42378,5.61585,12.6357,1027.36,684.905,1541.03,12794.8,8529.86,19192.2,0.0181294,0.0120863,0.0271941,15851.9,10567.9,23777.8,0.0224611,0.0149741,0.0336916
2020-04-02,11001,District of Columbia,DC,653,60.2857,7.43616,4.95744,11.1542,1044.15,696.1,1566.22,13394.7,8929.83,20092.1,0.0189795,0.012653,0.0284692,16896,11264,25344,0.0239406,0.0159604,0.0359108
2020-04-03,11001,District of Columbia,DC,757,69.4286,7.62153,5.08102,11.4323,1070.76,713.84,1606.14,13953.5,9302.31,20930.2,0.0197711,0.0131808,0.0296567,17966.8,11977.9,26950.2,0.0254578,0.0169718,0.0381866
2020-04-04,11001,District of Columbia,DC,902,85.4286,7.74159,5.16106,11.6124,1106.82,737.881,1660.23,14484.3,9656.22,21726.5,0.0205233,0.0136822,0.030785,19073.6,12715.7,28610.4,0.0270261,0.0180174,0.0405391
2020-04-05,11001,District of Columbia,DC,1002,94.2857,7.88073,5.25382,11.8211,1147.66,765.108,1721.49,14996.1,9997.43,22494.2,0.0212486,0.0141657,0.0318728,20221.3,13480.8,30331.9,0.0286522,0.0191015,0.0429783
2020-04-06,11001,District of Columbia,DC,1097,99.4286,7.75601,5.17068,11.634,1178.34,785.563,1767.52,15464.2,10309.4,23196.2,0.0219117,0.0146078,0.0328675,21399.6,14266.4,32099.4,0.0303219,0.0202146,0.0454828
2020-04-07,11001,District of Columbia,DC,1211,102.286,7.9948,5.32987,11.9922,1217.04,811.36,1825.56,15877.9,10585.3,23816.9,0.022498,0.0149987,0.033747,22616.7,15077.8,33925,0.0320463,0.0213642,0.0480695
2020-04-08,11001,District of Columbia,DC,1440,122,8.20966,5.4731,12.3145,1230.16,820.11,1845.25,16218.3,10812.2,24327.5,0.0229803,0.0153202,0.0344705,23846.8,15897.9,35770.2,0.0337894,0.0225263,0.0506841
2020-04-09,11001,District of Columbia,DC,1523,124.286,8.84042,5.89361,13.2606,1230.61,820.404,1845.91,16496.6,10997.7,24744.8,0.0233745,0.015583,0.0350618,25077.4,16718.3,37616.1,0.0355331,0.0236887,0.0532996
2020-04-10,11001,District of Columbia,DC,1660,129,8.79647,5.86431,13.1947,1202.8,801.869,1804.2,16700.9,11133.9,25051.3,0.023664,0.015776,0.035496,26280.2,17520.2,39420.3,0.0372374,0.0248249,0.055856
2020-04-11,11001,District of Columbia,DC,1778,125.143,8.78743,5.85829,13.1811,1157.95,771.964,1736.92,16818,11212,25227,0.02383,0.0158867,0.035745,27438.2,18292.1,41157.3,0.0388781,0.0259187,0.0583171
2020-04-12,11001,District of Columbia,DC,1875,124.714,8.54582,5.69721,12.8187,1130.45,753.635,1695.68,16875.3,11250.2,25313,0.0239113,0.0159408,0.0358669,28568.6,19045.8,42852.9,0.0404799,0.0269866,0.0607198
2020-04-13,11001,District of Columbia,DC,1955,122.571,8.70903,5.80602,13.0635,1106.96,737.971,1660.43,16922.3,11281.5,25383.4,0.0239778,0.0159852,0.0359667,29675.6,19783.7,44513.4,0.0420484,0.0280322,0.0630725
2020-04-14,11001,District of Columbia,DC,2058,121,8.62543,5.75029,12.9381,1105.74,737.163,1658.62,16982.1,11321.4,25473.2,0.0240626,0.0160417,0.0360938,30781.3,20520.9,46172,0.0436151,0.0290768,0.0654227
2020-04-15,11001,District of Columbia,DC,2197,108.143,8.41437,5.60958,12.6216,1103.24,735.495,1654.86,17060.1,11373.4,25590.1,0.024173,0.0161153,0.0362595,31884.6,21256.4,47826.8,0.0451784,0.0301189,0.0677675
2020-04-16,11001,District of Columbia,DC,2350,118.143,8.46466,5.6431,12.697,1114.37,742.912,1671.55,17147.1,11431.4,25720.6,0.0242963,0.0161975,0.0364444,32998.9,21999.3,49498.4,0.0467573,0.0311716,0.070136
2020-04-17,11001,District of Columbia,DC,2476,116.571,8.49789,5.66526,12.7468,1159.69,773.129,1739.54,17262.6,11508.4,25893.9,0.02446,0.0163067,0.03669,34158.6,22772.4,51237.9,0.0484005,0.032267,0.0726008
2020-04-18,11001,District of Columbia,DC,2666,126.857,8.78119,5.85412,13.1718,1224.56,816.375,1836.84,17416.4,11610.9,26124.6,0.0246779,0.0164519,0.0370169,35383.2,23588.8,53074.8,0.0501357,0.0334238,0.0752035
2020-04-19,11001,District of Columbia,DC,2793,131.143,9.02323,6.01549,13.5348,1286.73,857.822,1930.1,17596.3,11730.9,26394.5,0.0249328,0.0166219,0.0373992,36669.9,24446.6,55004.9,0.0519589,0.0346393,0.0779383
2020-04-20,11001,District of Columbia,DC,2927,138.857,9.02906,6.01937,13.5436,1335.88,890.586,2003.82,17784.5,11856.4,26676.8,0.0251995,0.0167997,0.0377993,38005.8,25337.2,57008.7,0.0538517,0.0359012,0.0807776
2020-04-21,11001,District of Columbia,DC,3098,148.571,8.72384,5.81589,13.0858,1334.78,889.856,2002.18,17941,11960.7,26911.5,0.0254212,0.0169475,0.0381318,39340.6,26227.1,59010.9,0.055743,0.037162,0.0836145
2020-04-22,11001,District of Columbia,DC,3206,144.143,8.29619,5.53079,12.4443,1352.3,901.532,2028.45,18076.2,12050.8,27114.3,0.0256128,0.0170752,0.0384192,40692.9,27128.6,61039.3,0.0576592,0.0384394,0.0864887
2020-04-23,11001,District of Columbia,DC,3361,144.429,8.41114,5.60743,12.6167,1345.72,897.151,2018.59,18191.8,12127.9,27287.7,0.0257766,0.0171844,0.0386649,42038.6,28025.7,63057.9,0.059566,0.0397106,0.0893489
2020-04-24,11001,District of Columbia,DC,3528,150.286,8.39388,5.59592,12.5908,1315.42,876.944,1973.12,18276.6,12184.4,27414.9,0.0258967,0.0172645,0.0388451,43354,28902.7,65031,0.0614298,0.0409532,0.0921447
2020-04-25,11001,District of Columbia,DC,3699,147.571,8.17118,5.44745,12.2568,1263.5,842.332,1895.25,18337.3,12224.9,27505.9,0.0259827,0.0173218,0.0389741,44617.5,29745,66926.3,0.0632201,0.0421467,0.0948301
2020-04-26,11001,District of Columbia,DC,3841,149.714,7.9246,5.28307,11.8869,1208.73,805.821,1813.1,18388.1,12258.7,27582.1,0.0260547,0.0173698,0.039082,45826.3,30550.8,68739.4,0.0649328,0.0432885,0.0973992
2020-04-27,11001,District of Columbia,DC,3892,137.857,7.68276,5.12184,11.5241,1154.43,769.619,1731.64,18412.1,12274.7,27618.1,0.0260887,0.0173925,0.039133,46980.7,31320.5,70471,0.0665686,0.044379,0.0998528
2020-04-28,11001,District of Columbia,DC,3994,128,7.67278,5.11519,11.5092,1092.52,728.348,1638.78,18397.6,12265.1,27596.4,0.0260682,0.0173788,0.0391023,48073.2,32048.8,72109.8,0.0681166,0.0454111,0.102175
2020-04-29,11001,District of Columbia,DC,4106,128.571,7.80402,5.20268,11.706,1015.08,676.723,1522.63,18307,12204.6,27460.4,0.0259398,0.0172932,0.0389096,49088.3,32725.5,73632.4,0.0695549,0.0463699,0.104332
2020-04-30,11001,District of Columbia,DC,4323,137.429,7.64283,5.09522,11.4642,938.618,625.745,1407.93,18142.3,12094.9,27213.5,0.0257065,0.0171377,0.0385598,50026.9,33351.3,75040.4,0.0708849,0.0472566,0.106327
2020-05-01,11001,District of Columbia,DC,4658,161.429,7.76192,5.17462,11.6429,871.299,580.866,1306.95,17899.3,11932.8,26848.9,0.0253621,0.0169081,0.0380431,50898.2,33932.1,76347.3,0.0721194,0.0480796,0.108179
2020-05-02,11001,District of Columbia,DC,4797,156.857,7.57581,5.05054,11.3637,823.509,549.006,1235.26,17563.1,11708.7,26344.6,0.0248857,0.0165905,0.0373286,51721.7,34481.1,77582.6,0.0732863,0.0488575,0.109929
2020-05-03,11001,District of Columbia,DC,5016,167.857,7.532,5.02133,11.298,776.494,517.663,1164.74,17115,11410,25672.5,0.0242509,0.0161672,0.0363763,52498.2,34998.8,78747.3,0.0743865,0.049591,0.11158
2020-05-04,11001,District of Columbia,DC,5170,182.571,7.53901,5.02601,11.3085,744.301,496.201,1116.45,16572.6,11048.4,24858.9,0.0234823,0.0156548,0.0352234,53242.5,35495,79863.8,0.0754412,0.0502941,0.113162
2020-05-05,11001,District of Columbia,DC,5322,189.714,7.57031,5.04688,11.3555,741.693,494.462,1112.54,15978.4,10652.3,23967.6,0.0226403,0.0150936,0.0339605,53984.2,35989.5,80976.3,0.0764921,0.0509947,0.114738
2020-05-06,11001,District of Columbia,DC,5461,193.571,7.43167,4.95445,11.1475,767.282,511.521,1150.92,15410.9,10273.9,23116.4,0.0218362,0.0145575,0.0327544,54751.5,36501,82127.2,0.0775793,0.0517195,0.116369
2020-05-07,11001,District of Columbia,DC,5654,190.143,7.33329,4.88886,10.9999,798.242,532.161,1197.36,14856.8,9904.56,22285.3,0.0210512,0.0140341,0.0315768,55549.7,37033.2,83324.6,0.0787103,0.0524736,0.118065
2020-05-08,11001,District of Columbia,DC,5899,177.286,7.02444,4.68296,10.5367,846.425,564.283,1269.64,14357.5,9571.69,21536.3,0.0203437,0.0135625,0.0305155,56396.2,37597.4,84594.2,0.0799097,0.0532731,0.119864
2020-05-09,11001,District of Columbia,DC,6102,186.429,7.03172,4.68782,10.5476,881.352,587.568,1322.03,13923.5,9282.32,20885.2,0.0197287,0.0131524,0.029593,57277.5,38185,85916.2,0.0811585,0.0541057,0.121738
2020-05-10,11001,District of Columbia,DC,6272,179.429,6.78985,4.52657,10.1848,915.974,610.649,1373.96,13576,9050.64,20363.9,0.0192362,0.0128242,0.0288543,58193.5,38795.7,87290.2,0.0824563,0.0549709,0.123684
2020-05-11,11001,District of Columbia,DC,6389,174.143,6.68555,4.45703,10.0283,919.43,612.953,1379.14,13286.7,8857.77,19930,0.0188263,0.0125509,0.0282395,59112.9,39408.6,88669.3,0.0837591,0.0558394,0.125639
2020-05-12,11001,District of Columbia,DC,6485,166.143,6.45693,4.30462,9.6854,940.966,627.31,1411.45,13073.2,8715.46,19609.8,0.0185239,0.0123492,0.0277858,60053.9,40035.9,90080.8,0.0850924,0.0567283,0.127639
2020-05-13,11001,District of Columbia,DC,6584,160.429,6.57732,4.38488,9.86597,884.905,589.937,1327.36,12865.6,8577.05,19298.4,0.0182297,0.0121531,0.0273445,60938.8,40625.9,91408.1,0.0863463,0.0575642,0.129519
2020-05-14,11001,District of Columbia,DC,6736,154.571,6.56171,4.37447,9.84257,835.583,557.055,1253.37,12686.1,8457.38,19029.1,0.0179753,0.0119836,0.026963,61774.4,41182.9,92661.5,0.0875302,0.0583535,0.131295
2020-05-15,11001,District of Columbia,DC,6871,138.857,5.84768,3.89846,8.77153,752.015,501.344,1128.02,12499.5,8332.98,18749.2,0.0177109,0.0118073,0.0265664,62526.4,41684.3,93789.5,0.0885958,0.0590639,0.132894
2020-05-16,11001,District of Columbia,DC,7042,134.286,5.72545,3.81697,8.58817,666.974,444.649,1000.46,12295.1,8196.76,18442.7,0.0174214,0.0116143,0.0261321,63193.4,42128.9,94790,0.0895408,0.0596939,0.134311
2020-05-17,11001,District of Columbia,DC,7123,121.571,5.61833,3.74555,8.4275,587.883,391.922,881.824,12059.5,8039.68,18089.3,0.0170876,0.0113917,0.0256313,63781.2,42520.8,95671.8,0.0903738,0.0602492,0.135561
2020-05-18,11001,District of Columbia,DC,7270,125.857,5.50631,3.67087,8.25947,531.303,354.202,796.954,11814.3,7876.22,17721.5,0.0167401,0.0111601,0.0251102,64312.5,42875,96468.8,0.0911267,0.0607511,0.13669
2020-05-19,11001,District of Columbia,DC,7434,135.571,5.44541,3.63027,8.16812,458.815,305.877,688.222,11528.8,7685.89,17293.2,0.0163356,0.0108904,0.0245034,64771.4,43180.9,97157,0.0917768,0.0611845,0.137665
2020-05-20,11001,District of Columbia,DC,7551,138.143,5.25609,3.50406,7.88413,428.801,285.867,643.201,11216,7477.3,16823.9,0.0158923,0.0105948,0.0238384,65200.2,43466.8,97800.2,0.0923843,0.0615896,0.138576
2020-05-21,11001,District of Columbia,DC,7788,150.286,5.24934,3.49956,7.87401,396.389,264.259,594.584,10845.1,7230.04,16267.6,0.0153667,0.0102445,0.0230501,65596.6,43731,98394.8,0.092946,0.061964,0.139419
2020-05-22,11001,District of Columbia,DC,7893,146,5.43651,3.62434,8.15476,378.879,252.586,568.319,10425.7,6950.46,15638.5,0.0147725,0.00984835,0.0221588,65975.4,43983.6,98963.1,0.0934829,0.0623219,0.140224
2020-05-23,11001,District of Columbia,DC,7966,132,7.18163,4.78775,10.7724,374.256,249.504,561.383,9953.53,6635.68,14930.3,0.0141035,0.00940233,0.0211552,66349.7,44233.1,99524.5,0.0940131,0.0626754,0.14102
2020-05-24,11001,District of Columbia,DC,8110,141,6.38119,4.25412,9.57178,359.451,239.634,539.176,9431.63,6287.75,14147.4,0.013364,0.00890933,0.020046,66709.1,44472.8,100064,0.0945225,0.063015,0.141784
2020-05-25,11001,District of Columbia,DC,8225,136.429,7.55187,5.03458,11.3278,339.225,226.15,508.837,8854.88,5903.25,13282.3,0.0125468,0.00836452,0.0188202,67048.4,44698.9,100573,0.0950031,0.0633354,0.142505
2020-05-26,11001,District of Columbia,DC,8334,128.571,7.64343,5.09562,11.4651,312.653,208.435,468.98,8248.1,5498.73,12372.1,0.011687,0.00779134,0.0175305,67361,44907.3,101041,0.0954461,0.0636308,0.143169
2020-05-27,11001,District of Columbia,DC,8406,122.143,7.92879,5.28586,11.8932,298.243,198.829,447.364,7605.38,5070.25,11408.1,0.0107763,0.00718421,0.0161645,67659.3,45106.2,101489,0.0958687,0.0639125,0.143803
2020-05-28,11001,District of Columbia,DC,8492,100.571,8.08476,5.38984,12.1271,285.264,190.176,427.897,7005.73,4670.49,10508.6,0.00992667,0.00661778,0.01489,67944.5,45296.3,101917,0.0962729,0.0641819,0.144409
2020-05-29,11001,District of Columbia,DC,8538,92.1429,10.2502,6.83345,15.3753,270.44,180.293,405.659,6440.59,4293.73,9660.88,0.0091259,0.00608393,0.0136888,68215,45476.6,102322,0.0966561,0.0644374,0.144984
2020-05-30,11001,District of Columbia,DC,8717,107.286,5.17822,3.45215,7.76733,244.931,163.288,367.397,5933.51,3955.67,8900.26,0.00840739,0.00560493,0.0126111,68459.9,45639.9,102690,0.0970032,0.0646688,0.145505
2020-05-31,11001,District of Columbia,DC,8801,98.7143,5.61712,3.74475,8.42568,221.836,147.891,332.754,5488.37,3658.91,8232.55,0.00777666,0.00518444,0.011665,68681.7,45787.8,103023,0.0973175,0.0648783,0.145976
2020-06-01,11001,District of Columbia,DC,8857,90.2857,4.93233,3.28822,7.3985,203.771,135.848,305.656,5104.26,3402.84,7656.38,0.0072324,0.0048216,0.0108486,68885.5,45923.7,103328,0.0976062,0.0650708,0.146409
2020-06-02,11001,District of Columbia,DC,8886,78.8571,4.91316,3.27544,7.36974,188.199,125.466,282.298,4761.15,3174.1,7141.73,0.00674624,0.00449749,0.0101194,69073.7,46049.1,103611,0.0978729,0.0652486,0.146809
2020-06-03,11001,District of Columbia,DC,9016,87.1429,4.76008,3.17338,7.14011,170.869,113.913,256.304,4473.21,2982.14,6709.81,0.00633824,0.00422549,0.00950736,69244.6,46163,103867,0.098115,0.06541,0.147172
2020-06-04,11001,District of Columbia,DC,9120,89.7143,4.64845,3.09897,6.97267,152.962,101.975,229.444,4197.37,2798.25,6296.05,0.0059474,0.00396493,0.00892109,69397.5,46265,104096,0.0983317,0.0655545,0.147498
2020-06-05,11001,District of Columbia,DC,9199,94.4286,4.62858,3.08572,6.94287,137.797,91.865,206.696,3938.78,2625.85,5908.16,0.00558099,0.00372066,0.00837148,69535.3,46356.9,104303,0.098527,0.0656847,0.14779
2020-06-06,11001,District of Columbia,DC,9269,78.8571,4.38071,2.92047,6.57106,129.911,86.6071,194.866,3689.81,2459.87,5534.71,0.00522822,0.00348548,0.00784232,69665.2,46443.5,104498,0.0987111,0.0658074,0.148067
2020-06-07,11001,District of Columbia,DC,9332,75.8571,4.31876,2.87917,6.47813,126.661,84.4406,189.991,3442.21,2294.81,5163.32,0.00487739,0.00325159,0.00731608,69791.9,46527.9,104688,0.0988905,0.065927,0.148336
2020-06-08,11001,District of Columbia,DC,9389,76,4.2467,2.83113,6.37005,121.477,80.9849,182.216,3204.24,2136.16,4806.36,0.0045402,0.0030268,0.0068103,69913.4,46608.9,104870,0.0990627,0.0660418,0.148594
2020-06-09,11001,District of Columbia,DC,9474,84,4.22706,2.81804,6.34059,115.609,77.0726,173.413,2980.62,1987.08,4470.94,0.00422335,0.00281557,0.00633502,70029,46686,105043,0.0992265,0.066151,0.14884
2020-06-10,11001,District of Columbia,DC,9537,74.4286,4.18081,2.78721,6.27122,112.935,75.2901,169.402,2780.91,1853.94,4171.36,0.00394036,0.00262691,0.00591054,70141.9,46761.3,105213,0.0993865,0.0662577,0.14908
2020-06-11,11001,District of Columbia,DC,9589,67,4.11122,2.74081,6.16683,111.156,74.104,166.734,2593.82,1729.21,3890.73,0.00367527,0.00245018,0.00551291,70253.1,46835.4,105380,0.099544,0.0663627,0.149316
2020-06-12,11001,District of Columbia,DC,9654,65,3.86257,2.57505,5.79385,109.633,73.0887,164.45,2418.19,1612.13,3627.28,0.00342641,0.00228428,0.00513962,70362.7,46908.5,105544,0.0996993,0.0664662,0.149549
2020-06-13,11001,District of Columbia,DC,9709,62.8571,3.89103,2.59402,5.83654,106.684,71.1226,160.026,2254.43,1502.96,3381.65,0.00319438,0.00212959,0.00479157,70469.4,46979.6,105704,0.0998505,0.066567,0.149776
2020-06-14,11001,District of Columbia,DC,9767,62.1429,3.80992,2.53995,5.71488,102.917,68.6111,154.375,2112.42,1408.28,3168.63,0.00299316,0.00199544,0.00448973,70572.3,47048.2,105858,0.0999963,0.0666642,0.149994
2020-06-15,11001,District of Columbia,DC,9799,58.5714,3.73862,2.49241,5.60792,100.944,67.2957,151.415,1991.53,1327.68,2987.29,0.00282186,0.00188124,0.00423279,70673.3,47115.5,106010,0.100139,0.0667596,0.150209
2020-06-16,11001,District of Columbia,DC,9818,49.1429,3.59183,2.39456,5.38775,101.922,67.9481,152.883,1889.68,1259.78,2834.51,0.00267755,0.00178503,0.00401632,70775.2,47183.4,106163,0.100284,0.0668559,0.150426
2020-06-17,11001,District of Columbia,DC,9847,44.2857,3.37593,2.25062,5.06389,100.919,67.2794,151.379,1802.4,1201.6,2703.59,0.00255388,0.00170259,0.00383081,70876.1,47250.7,106314,0.100427,0.0669512,0.15064
2020-06-18,11001,District of Columbia,DC,9903,44.8571,3.32161,2.21441,4.98241,101.314,67.5424,151.97,1732.84,1155.23,2599.26,0.00245532,0.00163688,0.00368298,70977.4,47318.3,106466,0.10057,0.0670469,0.150855
2020-06-19,11001,District of Columbia,DC,9952,42.5714,3.33703,2.22468,5.00554,100.537,67.0246,150.805,1680.42,1120.28,2520.62,0.00238104,0.00158736,0.00357156,71077.9,47385.3,106617,0.100713,0.0671419,0.151069
2020-06-20,11001,District of Columbia,DC,9984,39.2857,3.13779,2.09186,4.70669,101.175,67.4501,151.763,1643.79,1095.86,2465.69,0.00232915,0.00155276,0.00349372,71179.1,47452.7,106769,0.100856,0.0672374,0.151284
2020-06-21,11001,District of Columbia,DC,10020,36.1429,3.08255,2.05504,4.62383,104.141,69.4272,156.211,1618.02,1078.68,2427.03,0.00229263,0.00152842,0.00343895,71283.3,47522.2,106925,0.101004,0.0673358,0.151505
2020-06-22,11001,District of Columbia,DC,10058,37,3.04923,2.03282,4.57384,108.039,72.026,162.058,1599.4,1066.27,2399.1,0.00226625,0.00151083,0.00339937,71391.3,47594.2,107087,0.101157,0.0674379,0.151735
2020-06-23,11001,District of Columbia,DC,10094,39.4286,3.07656,2.05104,4.61484,111.391,74.2604,167.086,1589.31,1059.54,2383.97,0.00225195,0.0015013,0.00337793,71502.7,47668.5,107254,0.101315,0.0675431,0.151972
2020-06-24,11001,District of Columbia,DC,10128,40.1429,3.15767,2.10511,4.7365,119.208,79.4717,178.812,1592.91,1061.94,2389.37,0.00225705,0.0015047,0.00338558,71621.9,47747.9,107433,0.101484,0.0676557,0.152225
2020-06-25,11001,District of Columbia,DC,10159,36.5714,3.08201,2.05467,4.62301,126.922,84.6146,190.383,1606.9,1071.27,2410.35,0.00227687,0.00151791,0.00341531,71748.8,47832.5,107623,0.101663,0.0677756,0.152495
2020-06-26,11001,District of Columbia,DC,10185,33.2857,3.03382,2.02255,4.55073,136.863,91.2417,205.294,1632.61,1088.4,2448.91,0.0023133,0.0015422,0.00346994,71885.7,47923.8,107828,0.101857,0.0679049,0.152786
2020-06-27,11001,District of Columbia,DC,10216,33.1429,3.15462,2.10308,4.73192,144.427,96.2845,216.64,1667.4,1111.6,2501.1,0.0023626,0.00157506,0.0035439,72030.1,48020.1,108045,0.102062,0.0680413,0.153093
2020-06-28,11001,District of Columbia,DC,10248,32.5714,3.03822,2.02548,4.55733,150.136,100.09,225.203,1710.85,1140.57,2566.28,0.00242417,0.00161611,0.00363625,72180.2,48120.2,108270,0.102275,0.0681831,0.153412
2020-06-29,11001,District of Columbia,DC,10292,33.4286,3.0561,2.0374,4.58414,155.887,103.925,233.831,1763.82,1175.88,2645.73,0.00249922,0.00166615,0.00374883,72336.1,48224.1,108504,0.102496,0.0683304,0.153743
2020-06-30,11001,District of Columbia,DC,10327,33.2857,3.02412,2.01608,4.53618,159.721,106.481,239.582,1822.6,1215.07,2733.9,0.0025825,0.00172167,0.00387376,72495.9,48330.6,108744,0.102722,0.0684812,0.154083
2020-07-01,11001,District of Columbia,DC,10365,33.8571,2.96501,1.97667,4.44752,161.98,107.987,242.97,1882.66,1255.1,2823.99,0.0026676,0.0017784,0.0040014,72657.8,48438.6,108987,0.102951,0.0686343,0.154427
2020-07-02,11001,District of Columbia,DC,10390,33,2.99704,1.99802,4.49555,165.212,110.141,247.817,1946.95,1297.97,2920.43,0.0027587,0.00183913,0.00413805,72823,48548.7,109235,0.103185,0.0687903,0.154778
2020-07-03,11001,District of Columbia,DC,10435,35.7143,3.01931,2.01288,4.52897,168.123,112.082,252.184,2013.76,1342.51,3020.64,0.00285337,0.00190224,0.00428005,72991.2,48660.8,109487,0.103424,0.0689491,0.155135
2020-07-04,11001,District of Columbia,DC,10447,33,2.95551,1.97034,4.43327,175.589,117.059,263.384,2088.81,1392.54,3133.22,0.00295971,0.00197314,0.00443957,73166.8,48777.8,109750,0.103672,0.069115,0.155509
2020-07-05,11001,District of Columbia,DC,10482,33.4286,3.04294,2.02863,4.56441,184.234,122.822,276.351,2171.87,1447.91,3257.81,0.0030774,0.0020516,0.0046161,73351,48900.7,110026,0.103934,0.069289,0.1559
2020-07-06,11001,District of Columbia,DC,10515,31.8571,3.03618,2.02412,4.55426,191.435,127.623,287.153,2259.17,1506.11,3388.75,0.00320109,0.00213406,0.00480163,73542.4,49028.3,110314,0.104205,0.0694699,0.156307
2020-07-07,11001,District of Columbia,DC,10569,34.5714,3.04089,2.02726,4.56134,202.172,134.781,303.258,2353.3,1568.86,3529.95,0.00333447,0.00222298,0.0050017,73744.6,49163.1,110617,0.104491,0.0696608,0.156737
2020-07-08,11001,District of Columbia,DC,10642,39.5714,3.06144,2.04096,4.59216,210.541,140.361,315.812,2452.45,1634.96,3678.67,0.00347496,0.00231664,0.00521244,73955.1,49303.4,110933,0.10479,0.0698597,0.157184
2020-07-09,11001,District of Columbia,DC,10679,41.2857,3.05649,2.03766,4.58474,217.153,144.768,325.729,2550.39,1700.26,3825.59,0.00361374,0.00240916,0.00542061,74172.3,49448.2,111258,0.105097,0.0700648,0.157646
2020-07-10,11001,District of Columbia,DC,10743,44,2.98395,1.9893,4.47593,222.861,148.574,334.291,2646.33,1764.22,3969.5,0.00374968,0.00249978,0.00562452,74395.2,49596.8,111593,0.105413,0.0702754,0.15812
2020-07-11,11001,District of Columbia,DC,10801,50.5714,3.01063,2.00708,4.51594,225.089,150.059,337.634,2734.56,1823.04,4101.84,0.00387469,0.00258313,0.00581204,74620.2,49746.8,111930,0.105732,0.070488,0.158598
2020-07-12,11001,District of Columbia,DC,10847,52.1429,2.98644,1.99096,4.47967,222.612,148.408,333.918,2812.74,1875.16,4219.12,0.00398547,0.00265698,0.00597821,74842.9,49895.2,112264,0.106047,0.0706983,0.159071
2020-07-13,11001,District of Columbia,DC,10906,55.8571,2.97738,1.98492,4.46607,221.811,147.874,332.717,2884.42,1922.95,4326.63,0.00408703,0.00272469,0.00613055,75064.7,50043.1,112597,0.106362,0.0709078,0.159543
2020-07-14,11001,District of Columbia,DC,10946,53.8571,2.93513,1.95675,4.40269,217.413,144.942,326.12,2945.95,1963.96,4418.92,0.00417421,0.00278281,0.00626132,75282.1,50188.1,112923,0.10667,0.0711132,0.160005
2020-07-15,11001,District of Columbia,DC,11026,54.8571,2.93684,1.95789,4.40526,214.427,142.951,321.64,3000.65,2000.43,4500.98,0.00425173,0.00283448,0.00637759,75496.5,50331,113245,0.106974,0.0713157,0.16046
2020-07-16,11001,District of Columbia,DC,11076,56.7143,2.93489,1.95659,4.40233,211.797,141.198,317.696,3050.47,2033.64,4575.7,0.00432232,0.00288154,0.00648347,75708.3,50472.2,113562,0.107274,0.0715158,0.16091
2020-07-17,11001,District of Columbia,DC,11115,53.1429,2.97559,1.98373,4.46339,206.474,137.649,309.711,3091.73,2061.15,4637.6,0.00438078,0.00292052,0.00657117,75914.8,50609.8,113872,0.107566,0.0717108,0.161349
2020-07-18,11001,District of Columbia,DC,11194,56.1429,2.99356,1.9957,4.49033,201.549,134.366,302.323,3125.16,2083.44,4687.74,0.00442814,0.00295209,0.00664222,76116.3,50744.2,114174,0.107852,0.0719012,0.161778
2020-07-19,11001,District of Columbia,DC,11261,59.1429,3.01541,2.01027,4.52312,198.923,132.615,298.384,3148.49,2098.99,4722.74,0.0044612,0.00297413,0.00669181,76315.2,50876.8,114473,0.108134,0.0720891,0.1622
2020-07-20,11001,District of Columbia,DC,11339,61.8571,3.01805,2.01203,4.52707,196.402,130.935,294.603,3160.66,2107.1,4740.99,0.00447845,0.00298563,0.00671767,76511.7,51007.8,114767,0.108412,0.0722747,0.162618
2020-07-21,11001,District of Columbia,DC,11427,68.7143,3.06112,2.04075,4.59169,195.874,130.583,293.811,3165.1,2110.06,4747.65,0.00448474,0.00298982,0.00672711,76707.5,51138.3,115061,0.10869,0.0724597,0.163034
2020-07-22,11001,District of Columbia,DC,11529,71.8571,3.08414,2.05609,4.62621,193.872,129.248,290.809,3156.8,2104.53,4735.2,0.00447298,0.00298198,0.00670947,76901.4,51267.6,115352,0.108964,0.0726428,0.163446
2020-07-23,11001,District of Columbia,DC,11571,70.7143,3.06669,2.04446,4.60004,193.693,129.129,290.54,3139.95,2093.3,4709.93,0.0044491,0.00296607,0.00667366,77095.1,51396.7,115643,0.109239,0.0728258,0.163858
2020-07-24,11001,District of Columbia,DC,11649,76.2857,3.05813,2.03875,4.5872,196.751,131.167,295.127,3119.55,2079.7,4679.32,0.0044202,0.0029468,0.0066303,77291.8,51527.9,115938,0.109517,0.0730116,0.164276
2020-07-25,11001,District of Columbia,DC,11717,74.7143,3.03356,2.02237,4.55034,199.111,132.741,298.667,3095.8,2063.87,4643.7,0.00438654,0.00292436,0.00657982,77491,51660.6,116236,0.1098,0.0731997,0.164699
2020-07-26,11001,District of Columbia,DC,11780,74.1429,3.02955,2.0197,4.54432,203.617,135.744,305.425,3074.33,2049.55,4611.49,0.00435612,0.00290408,0.00653418,77694.6,51796.4,116542,0.110088,0.0733921,0.165132
2020-07-27,11001,District of Columbia,DC,11858,74.1429,3.05687,2.03791,4.5853,206.332,137.555,309.498,3058.05,2038.7,4587.07,0.00433305,0.0028887,0.00649958,77900.9,51933.9,116851,0.11038,0.073587,0.165571
2020-07-28,11001,District of Columbia,DC,11945,74,3.05326,2.03551,4.57989,208.563,139.042,312.845,3044.8,2029.87,4567.2,0.00431428,0.00287619,0.00647142,78109.5,52073,117164,0.110676,0.073784,0.166014
2020-07-29,11001,District of Columbia,DC,11999,67.1429,3.04244,2.02829,4.56366,210.819,140.546,316.229,3038.21,2025.47,4557.31,0.00430494,0.00286996,0.00645741,78320.3,52213.5,117480,0.110975,0.0739831,0.166462
2020-07-30,11001,District of Columbia,DC,12057,69.4286,3.04274,2.02849,4.56411,208.858,139.239,313.287,3032.64,2021.76,4548.96,0.00429705,0.0028647,0.00644557,78529.1,52352.8,117794,0.111271,0.0741804,0.166906
2020-07-31,11001,District of Columbia,DC,12126,68.1429,2.97178,1.98119,4.45768,205.843,137.229,308.764,3026.68,2017.79,4540.02,0.00428861,0.00285907,0.00643292,78735,52490,118102,0.111562,0.0743749,0.167343
2020-08-01,11001,District of Columbia,DC,12205,69.7143,2.95128,1.96752,4.42692,200.904,133.936,301.356,3021.11,2014.07,4531.67,0.00428072,0.00285381,0.00642108,78935.9,52623.9,118404,0.111847,0.0745646,0.16777
2020-08-02,11001,District of Columbia,DC,12274,70.5714,2.92202,1.94801,4.38303,192.303,128.202,288.454,3011.87,2007.91,4517.8,0.00426762,0.00284508,0.00640143,79128.2,52752.1,118692,0.112119,0.0747463,0.168179
2020-08-03,11001,District of Columbia,DC,12313,65,2.91355,1.94237,4.37033,183.82,122.547,275.73,2996.76,1997.84,4495.15,0.00424622,0.00283081,0.00636933,79312,52874.7,118968,0.11238,0.0749199,0.16857
2020-08-04,11001,District of Columbia,DC,12398,64.7143,2.95862,1.97241,4.43793,173.051,115.367,259.577,2973.41,1982.28,4460.12,0.00421313,0.00280875,0.0063197,79485.1,52990,119228,0.112625,0.0750834,0.168938
2020-08-05,11001,District of Columbia,DC,12443,63.4286,2.93081,1.95387,4.39622,164.739,109.826,247.108,2942.28,1961.52,4413.42,0.00416901,0.00277934,0.00625352,79649.8,53099.9,119475,0.112859,0.075239,0.169288
2020-08-06,11001,District of Columbia,DC,12518,65.8571,2.9398,1.95987,4.4097,158.409,105.606,237.614,2906.81,1937.88,4360.22,0.00411876,0.00274584,0.00617815,79808.2,53205.5,119712,0.113083,0.0753887,0.169624
2020-08-07,11001,District of Columbia,DC,12589,66.1429,3.00581,2.00387,4.50871,151.952,101.301,227.928,2865.07,1910.05,4297.61,0.00405962,0.00270641,0.00608943,79960.2,53306.8,119940,0.113298,0.0755322,0.169947
2020-08-08,11001,District of Columbia,DC,12653,64,2.99584,1.99723,4.49376,147.543,98.3619,221.314,2815.86,1877.24,4223.8,0.00398989,0.00265993,0.00598484,80107.7,53405.1,120162,0.113507,0.0756716,0.170261
2020-08-09,11001,District of Columbia,DC,12753,68.4286,2.99521,1.99681,4.49281,143.852,95.9012,215.778,2760.6,1840.4,4140.91,0.0039116,0.00260773,0.0058674,80251.6,53501,120377,0.113711,0.0758075,0.170567
2020-08-10,11001,District of Columbia,DC,12807,70.5714,2.98683,1.99122,4.48024,143.887,95.9245,215.83,2700.87,1800.58,4051.31,0.00382696,0.00255131,0.00574045,80395.4,53597,120593,0.113915,0.0759434,0.170873
2020-08-11,11001,District of Columbia,DC,12896,71.1429,2.92349,1.94899,4.38524,145.76,97.1731,218.64,2640.3,1760.2,3960.45,0.00374114,0.00249409,0.0056117,80541.2,53694.1,120812,0.114122,0.0760811,0.171182
2020-08-12,11001,District of Columbia,DC,12959,73.7143,2.94969,1.96646,4.42454,146.61,97.7399,219.915,2578.35,1718.9,3867.52,0.00365335,0.00243557,0.00548003,80687.8,53791.9,121032,0.114329,0.0762196,0.171494
2020-08-13,11001,District of Columbia,DC,13024,72.2857,2.94134,1.9609,4.41202,146.528,97.6853,219.792,2514.06,1676.04,3771.09,0.00356225,0.00237484,0.00534338,80834.3,53889.6,121251,0.114537,0.076358,0.171805
2020-08-14,11001,District of Columbia,DC,13118,75.5714,2.83745,1.89163,4.25617,145.841,97.2276,218.762,2451.04,1634.03,3676.56,0.00347296,0.00231531,0.00520945,80980.2,53986.8,121470,0.114744,0.0764957,0.172115
2020-08-15,11001,District of Columbia,DC,13159,72.2857,2.87091,1.91394,4.30637,146.19,97.4598,219.285,2391.39,1594.26,3587.08,0.00338844,0.00225896,0.00508266,81126.4,54084.2,121690,0.114951,0.0766338,0.172426
2020-08-16,11001,District of Columbia,DC,13220,66.7143,2.86638,1.91092,4.29957,149.636,99.7574,224.454,2340.12,1560.08,3510.18,0.0033158,0.00221053,0.0049737,81276,54184,121914,0.115163,0.0767752,0.172744
2020-08-17,11001,District of Columbia,DC,13273,66.5714,2.84925,1.8995,4.27387,146.739,97.826,220.108,2294.56,1529.7,3441.83,0.00325124,0.00216749,0.00487685,81422.7,54281.8,122134,0.115371,0.0769138,0.173056
2020-08-18,11001,District of Columbia,DC,13325,61.2857,2.82961,1.8864,4.24441,143.661,95.7737,215.491,2254.4,1502.93,3381.6,0.00319433,0.00212955,0.0047915,81566.4,54377.6,122350,0.115574,0.0770495,0.173361
2020-08-19,11001,District of Columbia,DC,13354,56.4286,2.78628,1.85752,4.17942,138.705,92.4702,208.058,2220.05,1480.03,3330.08,0.00314567,0.00209711,0.0047185,81705.1,54470.1,122558,0.115771,0.0771805,0.173656
2020-08-20,11001,District of Columbia,DC,13409,55,2.78611,1.85741,4.17917,135.315,90.2098,202.972,2190.63,1460.42,3285.94,0.00310398,0.00206932,0.00465596,81840.4,54560.3,122761,0.115963,0.0773083,0.173944
2020-08-21,11001,District of Columbia,DC,13469,50.1429,2.77305,1.8487,4.15958,133.084,88.7225,199.626,2165.3,1443.53,3247.95,0.00306809,0.00204539,0.00460214,81973.5,54649,122960,0.116151,0.0774341,0.174227
2020-08-22,11001,District of Columbia,DC,13534,53.5714,2.78763,1.85842,4.18145,129.393,86.2621,194.09,2142.74,1428.49,3214.11,0.00303613,0.00202408,0.00455419,82102.9,54735.3,123154,0.116334,0.0775563,0.174502
2020-08-23,11001,District of Columbia,DC,13590,52.8571,2.77965,1.8531,4.16947,124.08,82.7201,186.12,2119.28,1412.85,3178.92,0.00300288,0.00200192,0.00450432,82227,54818,123340,0.11651,0.0776735,0.174765
2020-08-24,11001,District of Columbia,DC,13639,52.2857,2.76321,1.84214,4.14482,120.141,80.0938,180.211,2095.57,1397.05,3143.35,0.00296928,0.00197952,0.00445393,82347.1,54898.1,123521,0.11668,0.077787,0.175021
2020-08-25,11001,District of Columbia,DC,13684,51.2857,2.77955,1.85303,4.16933,118.686,79.1242,178.029,2070.37,1380.25,3105.55,0.00293358,0.00195572,0.00440036,82465.8,54977.2,123699,0.116849,0.0778991,0.175273
2020-08-26,11001,District of Columbia,DC,13684,47.1429,2.78703,1.85802,4.18055,115.625,77.0833,173.437,2040.23,1360.16,3060.35,0.00289088,0.00192725,0.00433632,82581.4,55054.3,123872,0.117012,0.0780083,0.175519
2020-08-27,11001,District of Columbia,DC,13794,55,2.79055,1.86037,4.18583,115.526,77.0175,173.289,2009.15,1339.43,3013.73,0.00284683,0.00189789,0.00427025,82697,55131.3,124045,0.117176,0.0781174,0.175764
2020-08-28,11001,District of Columbia,DC,13851,54.5714,2.78826,1.85884,4.18238,114.911,76.6076,172.367,1977.53,1318.36,2966.3,0.00280204,0.00186802,0.00420305,82811.9,55207.9,124218,0.117339,0.078226,0.176008
2020-08-29,11001,District of Columbia,DC,13925,55.8571,2.78011,1.8534,4.17016,115.961,77.3072,173.941,1947.65,1298.44,2921.48,0.0027597,0.0018398,0.00413954,82927.8,55285.2,124392,0.117503,0.0783355,0.176255
2020-08-30,11001,District of Columbia,DC,13959,52.7143,2.7763,1.85087,4.16445,118.956,79.3043,178.435,1920.42,1280.28,2880.63,0.00272111,0.00181407,0.00408166,83046.8,55364.5,124570,0.117672,0.0784479,0.176508
2020-08-31,11001,District of Columbia,DC,13992,50.4286,2.76968,1.84645,4.15452,124.939,83.2925,187.408,1895.72,1263.81,2843.58,0.00268611,0.00179074,0.00402917,83171.7,55447.8,124758,0.117849,0.0785659,0.176773
2020-09-01,11001,District of Columbia,DC,14049,52.1429,2.78063,1.85375,4.17094,127.097,84.7312,190.645,1876.08,1250.72,2814.12,0.00265828,0.00177219,0.00398742,83298.8,55532.5,124948,0.118029,0.078686,0.177043
2020-09-02,11001,District of Columbia,DC,14077,56.1429,2.76996,1.84664,4.15494,135.289,90.193,202.934,1867.71,1245.14,2801.56,0.00264642,0.00176428,0.00396963,83434.1,55622.7,125151,0.118221,0.0788138,0.177331
2020-09-03,11001,District of Columbia,DC,14135,48.7143,2.73431,1.82288,4.10147,137.679,91.7859,206.518,1866.68,1244.46,2800.02,0.00264497,0.00176331,0.00396745,83571.8,55714.5,125358,0.118416,0.0789438,0.177624
2020-09-04,11001,District of Columbia,DC,14186,47.8571,2.72916,1.81944,4.09375,139.717,93.1451,209.576,1871.09,1247.39,2806.63,0.0026512,0.00176747,0.00397681,83711.5,55807.7,125567,0.118614,0.0790758,0.177921
2020-09-05,11001,District of Columbia,DC,14238,44.7143,2.69719,1.79812,4.04578,139.502,93.0017,209.254,1877.5,1251.67,2816.25,0.0026603,0.00177353,0.00399045,83851,55900.7,125776,0.118811,0.0792076,0.178217
2020-09-06,11001,District of Columbia,DC,14279,45.7143,2.68223,1.78815,4.02334,135.866,90.5777,203.8,1883.98,1255.99,2825.97,0.00266947,0.00177965,0.00400421,83986.9,55991.3,125980,0.119004,0.0793359,0.178506
2020-09-07,11001,District of Columbia,DC,14315,46.1429,2.68849,1.79233,4.03273,131.339,87.5591,197.008,1891.24,1260.82,2836.85,0.00267976,0.00178651,0.00401963,84118.2,56078.8,126177,0.11919,0.07946,0.178785
2020-09-08,11001,District of Columbia,DC,14362,44.7143,2.66481,1.77654,3.99721,128.229,85.4859,192.343,1899.32,1266.22,2848.99,0.00269122,0.00179415,0.00403682,84246.5,56164.3,126370,0.119372,0.0795811,0.179057
2020-09-09,11001,District of Columbia,DC,14387,44.2857,2.67179,1.78119,4.00768,122.119,81.4125,183.178,1902.76,1268.5,2854.13,0.00269608,0.00179739,0.00404412,84368.6,56245.7,126553,0.119545,0.0796965,0.179317
2020-09-10,11001,District of Columbia,DC,14412,39.5714,2.66922,1.77948,4.00383,117.683,78.4556,176.525,1904.81,1269.88,2857.22,0.002699,0.00179933,0.0040485,84486.3,56324.2,126729,0.119711,0.0798076,0.179567
2020-09-11,11001,District of Columbia,DC,14493,43.8571,2.74593,1.83062,4.1189,113.489,75.6593,170.233,1902.78,1268.52,2854.17,0.00269611,0.00179741,0.00404417,84599.7,56399.8,126900,0.119872,0.0799148,0.179808
2020-09-12,11001,District of Columbia,DC,14493,36.4286,2.72239,1.81493,4.08358,110.252,73.5013,165.378,1898.12,1265.41,2847.18,0.00268951,0.00179301,0.00403426,84710,56473.3,127065,0.120029,0.080019,0.180043
2020-09-13,11001,District of Columbia,DC,14592,44.7143,2.72676,1.81784,4.09014,108.452,72.301,162.677,1890.61,1260.41,2835.91,0.00267887,0.00178591,0.0040183,84818.4,56545.6,127228,0.120182,0.0801214,0.180273
2020-09-14,11001,District of Columbia,DC,14622,43.8571,2.73049,1.82033,4.09574,105.101,70.0673,157.651,1876.75,1251.17,2815.13,0.00265924,0.00177282,0.00398885,84923.5,56615.7,127385,0.120331,0.0802207,0.180497
2020-09-15,11001,District of Columbia,DC,14687,46.4286,2.72463,1.81642,4.08695,102.626,68.4171,153.938,1854.44,1236.29,2781.66,0.00262762,0.00175175,0.00394143,85026.2,56684.1,127539,0.120477,0.0803177,0.180715
2020-09-16,11001,District of Columbia,DC,14743,50.8571,2.73888,1.82592,4.10831,100.099,66.7328,150.149,1827.44,1218.3,2741.16,0.00258937,0.00172624,0.00388405,85126.3,56750.8,127689,0.120618,0.0804122,0.180927
2020-09-17,11001,District of Columbia,DC,14790,54,2.7315,1.821,4.09724,99.1754,66.117,148.763,1791.33,1194.22,2686.99,0.00253819,0.00169213,0.00380729,85225.4,56817,127838,0.120759,0.0805059,0.181138
2020-09-18,11001,District of Columbia,DC,14852,51.2857,2.64272,1.76182,3.96409,99.5193,66.3463,149.279,1753.17,1168.78,2629.75,0.00248413,0.00165608,0.00372619,85325,56883.3,127987,0.1209,0.0805999,0.18135
2020-09-19,11001,District of Columbia,DC,14902,58.4286,2.67886,1.78591,4.0183,103.849,69.2329,155.774,1717.3,1144.87,2575.95,0.0024333,0.0016222,0.00364995,85428.8,56952.5,128143,0.121047,0.080698,0.18157
2020-09-20,11001,District of Columbia,DC,14955,51.8571,2.6737,1.78247,4.01055,106.921,71.2805,160.381,1684.72,1123.15,2527.08,0.00238714,0.00159142,0.0035807,85535.7,57023.8,128304,0.121199,0.080799,0.181798
2020-09-21,11001,District of Columbia,DC,14978,50.8571,2.63528,1.75685,3.95292,115.406,76.9375,173.109,1664.26,1109.51,2496.39,0.00235814,0.0015721,0.00353722,85651.1,57100.8,128477,0.121362,0.080908,0.182043
2020-09-22,11001,District of Columbia,DC,15021,47.7143,2.61967,1.74645,3.9295,123.732,82.4881,185.598,1656.65,1104.44,2484.98,0.00234737,0.00156491,0.00352105,85774.9,57183.2,128662,0.121537,0.0810249,0.182306
2020-09-23,11001,District of Columbia,DC,15050,43.8571,2.59569,1.73046,3.89354,132.832,88.555,199.249,1661.26,1107.5,2491.88,0.00235389,0.00156926,0.00353084,85907.7,57271.8,128862,0.121726,0.0811504,0.182588
2020-09-24,11001,District of Columbia,DC,15106,45.1429,2.56531,1.7102,3.84796,141.445,94.2969,212.168,1680.58,1120.39,2520.87,0.00238127,0.00158752,0.00357191,86049.2,57366.1,129074,0.121926,0.081284,0.182889
2020-09-25,11001,District of Columbia,DC,15163,44.4286,2.56065,1.7071,3.84098,149.592,99.728,224.388,1712.49,1141.66,2568.74,0.00242649,0.00161766,0.00363973,86198.7,57465.8,129298,0.122138,0.0814253,0.183207
2020-09-26,11001,District of Columbia,DC,15215,44.7143,2.54398,1.69598,3.81597,151.504,101.003,227.256,1750.51,1167,2625.76,0.00248035,0.00165357,0.00372053,86350.2,57566.8,129525,0.122353,0.0815684,0.183529
2020-09-27,11001,District of Columbia,DC,15250,42.1429,2.55328,1.70219,3.82992,157.673,105.115,236.509,1797.93,1198.62,2696.89,0.00254754,0.00169836,0.00382132,86507.9,57671.9,129762,0.122576,0.0817174,0.183864
2020-09-28,11001,District of Columbia,DC,15264,40.8571,2.56164,1.70776,3.84246,155.876,103.917,233.814,1845.35,1230.23,2768.03,0.00261474,0.00174316,0.00392211,86663.8,57775.9,129996,0.122797,0.0818646,0.184195
2020-09-29,11001,District of Columbia,DC,15300,39.8571,2.5676,1.71174,3.8514,154.283,102.855,231.424,1894.53,1263.02,2841.8,0.00268443,0.00178962,0.00402664,86818.1,57878.7,130227,0.123016,0.0820103,0.184523
2020-09-30,11001,District of Columbia,DC,15326,39.4286,2.56759,1.71173,3.85139,152.125,101.416,228.187,1944.03,1296.02,2916.05,0.00275456,0.00183638,0.00413185,86970.2,57980.1,130455,0.123231,0.082154,0.184847
2020-10-01,11001,District of Columbia,DC,15358,36,2.56528,1.71019,3.84792,148.578,99.052,222.867,1992.51,1328.34,2988.77,0.00282326,0.00188217,0.00423488,87118.8,58079.2,130678,0.123442,0.0822944,0.185162
2020-10-02,11001,District of Columbia,DC,15423,37.1429,2.59645,1.73097,3.89468,143.977,95.9849,215.966,2037.31,1358.21,3055.97,0.00288674,0.00192449,0.00433011,87262.8,58175.2,130894,0.123646,0.0824304,0.185468
2020-10-03,11001,District of Columbia,DC,15473,36.8571,2.60644,1.73763,3.90966,142.085,94.723,213.127,2079.88,1386.59,3119.82,0.00294705,0.0019647,0.00442058,87404.8,58269.9,131107,0.123847,0.0825646,0.18577
2020-10-04,11001,District of Columbia,DC,15519,38.4286,2.63183,1.75455,3.94774,137.151,91.4337,205.726,2113.18,1408.79,3169.77,0.00299424,0.00199616,0.00449135,87542,58361.3,131313,0.124041,0.0826942,0.186062
2020-10-05,11001,District of Columbia,DC,15547,40.4286,2.64833,1.76556,3.9725,136.195,90.7965,204.292,2142.45,1428.3,3213.68,0.00303572,0.00202381,0.00455357,87678.2,58452.1,131517,0.124234,0.0828228,0.186351
2020-10-06,11001,District of Columbia,DC,15652,50.2857,2.63785,1.75857,3.95678,133.456,88.9707,200.184,2160.5,1440.34,3240.76,0.00306129,0.00204086,0.00459194,87811.6,58541.1,131717,0.124423,0.0829489,0.186635
2020-10-07,11001,District of Columbia,DC,15652,46.5714,2.63546,1.75697,3.95319,131.787,87.8578,197.68,2168.56,1445.71,3252.84,0.0030727,0.00204847,0.00460906,87943.4,58629,131915,0.12461,0.0830734,0.186915
2020-10-08,11001,District of Columbia,DC,15765,58.1429,2.60992,1.73995,3.91488,132.519,88.3459,198.778,2168.24,1445.5,3252.37,0.00307226,0.00204817,0.00460839,88076,58717.3,132114,0.124798,0.0831986,0.187197
2020-10-09,11001,District of Columbia,DC,15843,60,2.57869,1.71912,3.86803,135.1,90.0669,202.65,2161.9,1441.27,3242.85,0.00306327,0.00204218,0.0045949,88211.1,58807.4,132317,0.124989,0.0833262,0.187484
2020-10-10,11001,District of Columbia,DC,15918,63.5714,2.51321,1.67548,3.76982,140.167,93.4449,210.251,2152.48,1434.98,3228.71,0.00304992,0.00203328,0.00457487,88351.2,58900.8,132527,0.125188,0.0834586,0.187782
2020-10-11,11001,District of Columbia,DC,15984,66.4286,2.43009,1.62006,3.64513,146.178,97.4519,219.267,2147.15,1431.43,3220.72,0.00304237,0.00202825,0.00456355,88497.4,58998.3,132746,0.125395,0.0835967,0.188092
2020-10-12,11001,District of Columbia,DC,16022,67.8571,2.41824,1.61216,3.62736,155.275,103.516,232.912,2144.75,1429.83,3217.13,0.00303897,0.00202598,0.00455846,88652.7,59101.8,132979,0.125615,0.0837433,0.188422
2020-10-13,11001,District of Columbia,DC,16068,59.4286,2.45724,1.63816,3.68586,165.936,110.624,248.905,2154.81,1436.54,3232.22,0.00305323,0.00203548,0.00457984,88818.6,59212.4,133228,0.12585,0.0839001,0.188775
2020-10-14,11001,District of Columbia,DC,16132,68.5714,2.41965,1.6131,3.62948,178.45,118.967,267.676,2178.98,1452.65,3268.47,0.00308747,0.00205831,0.00463121,88997.1,59331.4,133496,0.126103,0.0840687,0.189154
2020-10-15,11001,District of Columbia,DC,16166,57.2857,2.42941,1.61961,3.64412,190.422,126.948,285.633,2217.28,1478.18,3325.91,0.00314174,0.00209449,0.0047126,89187.5,59458.3,133781,0.126373,0.0842485,0.189559
2020-10-16,11001,District of Columbia,DC,16255,58.8571,2.43926,1.62617,3.65889,202.329,134.886,303.493,2271.03,1514.02,3406.54,0.0032179,0.00214526,0.00482684,89389.8,59593.2,134085,0.126659,0.0844397,0.189989
2020-10-17,11001,District of Columbia,DC,16334,59.4286,2.43422,1.62281,3.65133,210.844,140.563,316.266,2337.89,1558.6,3506.84,0.00331264,0.00220843,0.00496896,89600.7,59733.8,134401,0.126958,0.0846388,0.190437
2020-10-18,11001,District of Columbia,DC,16370,55.1429,2.47724,1.65149,3.71586,218.945,145.964,328.418,2414.75,1609.84,3622.13,0.00342155,0.00228103,0.00513232,89819.6,59879.7,134729,0.127268,0.0848456,0.190903
2020-10-19,11001,District of Columbia,DC,16395,53.2857,2.47516,1.6501,3.71273,222.902,148.601,334.353,2500.51,1667,3750.76,0.00354305,0.00236204,0.00531458,90042.5,60028.3,135064,0.127584,0.0850562,0.191376
2020-10-20,11001,District of Columbia,DC,16445,53.8571,2.46542,1.64361,3.69813,228.325,152.217,342.488,2592.64,1728.42,3888.95,0.00367359,0.00244906,0.00551039,90270.8,60180.5,135406,0.127908,0.0852719,0.191862
2020-10-21,11001,District of Columbia,DC,16498,52.2857,2.51275,1.67517,3.76913,228.211,152.141,342.317,2687.39,1791.59,4031.09,0.00380786,0.00253857,0.00571179,90499,60332.7,135749,0.128231,0.0854875,0.192347
2020-10-22,11001,District of Columbia,DC,16537,53,2.49963,1.66642,3.74944,229.452,152.968,344.179,2785.06,1856.71,4177.59,0.00394624,0.00263083,0.00591936,90728.5,60485.7,136093,0.128556,0.0857042,0.192834
2020-10-23,11001,District of Columbia,DC,16609,50.5714,2.45982,1.63988,3.68973,230.43,153.62,345.646,2882.97,1921.98,4324.45,0.00408498,0.00272332,0.00612747,90958.9,60639.3,136438,0.128883,0.0859219,0.193324
2020-10-24,11001,District of Columbia,DC,16706,53.1429,2.50224,1.66816,3.75336,232.905,155.27,349.358,2980.77,1987.18,4471.16,0.00422356,0.00281571,0.00633534,91191.8,60794.5,136788,0.129213,0.0861419,0.193819
2020-10-25,11001,District of Columbia,DC,16767,56.7143,2.49897,1.66598,3.74846,242.338,161.559,363.508,3082.94,2055.3,4624.42,0.00436833,0.00291222,0.0065525,91434.2,60956.1,137151,0.129556,0.0863708,0.194334
2020-10-26,11001,District of Columbia,DC,16812,59.5714,2.51731,1.67821,3.77596,255.101,170.068,382.652,3191.87,2127.91,4787.8,0.00452267,0.00301511,0.006784,91689.3,61126.2,137534,0.129918,0.0866118,0.194876
2020-10-27,11001,District of Columbia,DC,16906,65.8571,2.55478,1.70318,3.83216,268.871,179.247,403.307,3305.46,2203.64,4958.2,0.00468362,0.00312242,0.00702544,91958.1,61305.4,137937,0.130299,0.0868658,0.195448
2020-10-28,11001,District of Columbia,DC,16973,67.8571,2.55617,1.70412,3.83426,287.438,191.625,431.157,3426.96,2284.64,5140.45,0.00485578,0.00323719,0.00728368,92245.6,61497,138368,0.130706,0.0871373,0.196059
2020-10-29,11001,District of Columbia,DC,17074,76.7143,2.55699,1.70466,3.83549,306.974,204.649,460.461,3555.49,2370.33,5333.24,0.00503789,0.0033586,0.00755684,92552.5,61701.7,138829,0.131141,0.0874273,0.196711
2020-10-30,11001,District of Columbia,DC,17144,76.4286,2.60412,1.73608,3.90618,326.477,217.651,489.715,3691.54,2461.03,5537.32,0.00523067,0.00348712,0.00784602,92879,61919.3,139319,0.131603,0.0877356,0.197405
2020-10-31,11001,District of Columbia,DC,17266,80,2.75718,1.83812,4.13577,353.436,235.624,530.155,3842.65,2561.77,5763.98,0.00544478,0.00362986,0.00816718,93232.5,62155,139849,0.132104,0.0880695,0.198156
2020-11-01,11001,District of Columbia,DC,17369,86,2.6224,1.74827,3.9336,370.231,246.821,555.346,4002.04,2668.03,6003.06,0.00567062,0.00378042,0.00850594,93602.7,62401.8,140404,0.132629,0.0884192,0.198943
2020-11-02,11001,District of Columbia,DC,17438,89.4286,2.60888,1.73926,3.91333,388.811,259.208,583.217,4171.9,2781.27,6257.86,0.00591131,0.00394088,0.00886698,93991.5,62661,140987,0.13318,0.0887865,0.19977
2020-11-03,11001,District of Columbia,DC,17524,88.2857,2.58091,1.72061,3.87137,403.544,269.03,605.317,4352.55,2901.7,6528.82,0.00616727,0.00411152,0.00925091,94395,62930,141593,0.133752,0.0891677,0.200627
2020-11-04,11001,District of Columbia,DC,17601,89.7143,2.56551,1.71034,3.84827,415.742,277.161,623.613,4539.96,3026.64,6809.95,0.00643283,0.00428855,0.00964925,94810.8,63207.2,142216,0.134341,0.0895604,0.201511
2020-11-05,11001,District of Columbia,DC,17682,86.8571,2.57726,1.71817,3.86589,423.204,282.136,634.807,4734.96,3156.64,7102.44,0.00670912,0.00447275,0.0100637,95234,63489.3,142851,0.13494,0.0899602,0.20241
2020-11-06,11001,District of Columbia,DC,17792,92.5714,2.5601,1.70673,3.84015,432.51,288.34,648.766,4938.01,3292.01,7407.03,0.00699684,0.00466456,0.0104953,95666.5,63777.7,143500,0.135553,0.0903688,0.20333
2020-11-07,11001,District of Columbia,DC,17891,89.2857,2.46152,1.64102,3.69228,432.164,288.11,648.247,5139.75,3426.5,7709.63,0.00728268,0.00485513,0.010924,96098.7,64065.8,144148,0.136166,0.090777,0.204248
2020-11-08,11001,District of Columbia,DC,18001,90.2857,2.59413,1.72942,3.8912,,,,,,,,,,,,,,,
2020-11-09,11001,District of Columbia,DC,18087,92.7143,2.59028,1.72686,3.88543,,,,,,,,,,,,,,,
2020-11-10,11001,District of Columbia,DC,18173,92.7143,2.64445,1.76296,3.96667,,,,,,,,,,,,,,,
2020-11-11,11001,District of Columbia,DC,18379,111.143,2.66502,1.77668,3.99753,,,,,,,,,,,,,,,
2020-11-12,11001,District of Columbia,DC,18507,117.857,2.6574,1.7716,3.9861,,,,,,,,,,,,,,,
2020-11-13,11001,District of Columbia,DC,18666,124.857,2.67009,1.78006,4.00514,,,,,,,,,,,,,,,
2020-11-14,11001,District of Columbia,DC,18814,131.857,2.65246,1.76831,3.97869,,,,,,,,,,,,,,,
2020-11-15,11001,District of Columbia,DC,18977,139.429,2.66062,1.77375,3.99094,,,,,,,,,,,,,,,
2020-11-16,11001,District of Columbia,DC,19064,139.571,2.6988,1.7992,4.0482,,,,,,,,,,,,,,,
2020-11-17,11001,District of Columbia,DC,19309,162.286,2.67365,1.78243,4.01048,,,,,,,,,,,,,,,
2020-11-18,11001,District of Columbia,DC,19465,155.143,2.66695,1.77797,4.00043,,,,,,,,,,,,,,,
2020-11-19,11001,District of Columbia,DC,19678,167.286,2.6497,1.76647,3.97456,,,,,,,,,,,,,,,
2020-11-20,11001,District of Columbia,DC,19808,163.143,2.67565,1.78377,4.01348,,,,,,,,,,,,,,,
2020-11-21,11001,District of Columbia,DC,19961,163.857,2.65553,1.77035,3.98329,,,,,,,,,,,,,,,
